,,cCpu0TIME,cCpu1TIME,cCpu2TIME,cCpu3TIME,cCpu4TIME,cCpu5TIME,cCpu6TIME,cCpu7TIME,cCpuTime,cCpuTimeKernelMode,cCpuTimeUserMode,cDiskReadBytes,cDiskSectorIO,cDiskWriteBytes,cId,cMemoryMaxUsed,cMemoryUsed,cMetricType,cNetworkBytesRecvd,cNetworkBytesSent,cNumProcesses,cNumProcessors,currentTime,pMetricType,vCpuContextSwitches,vCpuIdleTime,vCpuMhz,vCpuNice,vCpuSteal,vCpuTime,vCpuTimeIOWait,vCpuTimeIntSrvc,vCpuTimeKernelMode,vCpuTimeSoftIntSrvc,vCpuTimeUserMode,vCpuType,vDiskMergedReads,vDiskMergedWrites,vDiskReadTime,vDiskSectorReads,vDiskSectorWrites,vDiskSuccessfulReads,vDiskSuccessfulWrites,vDiskWriteTime,vId,vLoadAvg,vMemoryBuffers,vMemoryCached,vMemoryFree,vMemoryTotal,vMetricType,vNetworkBytesRecvd,vNetworkBytesSent
2018_12_12__19_28_35.json,1,65111691,1959062063,961481790,107719752,104178318,78886455,59708197,1469782161,4758973980,54,409,0,0,186474496,6bad1904105c,150245376,148639744,Container level,25962539,94160,3,8,1544642915,Process level,1084566,536544,2300.105,585,4799,151011,2750,0,3919,13,147092,Intel(R) Xeon(R) CPU E5-2686 v4 @ 2.30GHz,437,6763,102968,11207599,895344,51488,7333,147876,unavailable,1.89,45476,5844972,26661316,32939552,VM level,25962539,94160
2018_12_12__19_28_36.json,2,89461167,1979495004,978242638,1184001956,124682922,103172505,77953291,1493034256,5983264730,142,442,0,0,186478592,6bad1904105c,2227924992,2226429952,Container level,25962539,94160,3,8,1544642916,Process level,1085810,537289,2300.105,585,4799,151134,2750,0,4007,13,147127,Intel(R) Xeon(R) CPU E5-2686 v4 @ 2.30GHz,437,6793,102968,11207599,896416,51488,7405,147908,unavailable,1.89,45476,5844980,24632336,32939552,VM level,25962539,94160
2018_12_12__19_28_38.json,4,113853782,1998601285,997293609,2264632091,142588779,121605585,98755991,1517307626,7207933046,194,513,0,0,186482688,6bad1904105c,3287674880,3285368832,Container level,25962539,94160,3,8,1544642918,Process level,1087058,538033,2300.105,585,4799,151256,2750,0,4060,13,147196,Intel(R) Xeon(R) CPU E5-2686 v4 @ 2.30GHz,437,6793,102968,11207599,896424,51488,7406,147908,unavailable,1.89,45476,5844984,23545456,32939552,VM level,25962539,94160
2018_12_12__19_28_39.json,5,133494887,2023560190,1018296041,3338310582,164343462,141216452,114878259,1543100125,8431090135,208,621,0,0,186486784,6bad1904105c,3288391680,3286310912,Container level,25962539,94160,3,8,1544642919,Process level,1088364,538777,2300.105,585,4799,151378,2750,0,4074,13,147304,Intel(R) Xeon(R) CPU E5-2686 v4 @ 2.30GHz,437,6793,102968,11207599,896432,51488,7407,147908,unavailable,1.89,45476,5844988,23545752,32939552,VM level,25962539,94160
2018_12_12__19_28_40.json,6,155711214,2041004625,1036779747,4420440855,184539092,160146399,130557096,1569532251,9653495464,224,725,0,0,186490880,6bad1904105c,3289149440,3285409792,Container level,25962539,94160,3,8,1544642920,Process level,1089564,539521,2300.105,585,4799,151500,2750,0,4092,13,147408,Intel(R) Xeon(R) CPU E5-2686 v4 @ 2.30GHz,437,6793,102968,11207599,896440,51488,7408,147908,unavailable,1.89,45476,5844992,23545432,32939552,VM level,25962539,94160
2018_12_12__19_28_41.json,7,177862986,2057696642,1056509562,5492030293,202002242,180443249,156764421,1589951772,10872152138,240,829,0,0,186494976,6bad1904105c,3289149440,3285336064,Container level,25962539,94160,3,8,1544642921,Process level,1090801,540265,2300.105,585,4799,151618,2750,0,4107,13,147511,Intel(R) Xeon(R) CPU E5-2686 v4 @ 2.30GHz,437,6793,102968,11207599,896488,51488,7410,147908,unavailable,1.82,45476,5844996,23545624,32939552,VM level,25962539,94160
2018_12_12__19_28_42.json,8,192132617,2078828516,1081368161,6566700863,219861870,197276568,184645745,1613420631,12087837772,253,934,0,0,186499072,6bad1904105c,3289931776,3285979136,Container level,25962539,94160,3,8,1544642922,Process level,1092057,541008,2300.105,585,4799,151738,2750,0,4120,13,147618,Intel(R) Xeon(R) CPU E5-2686 v4 @ 2.30GHz,437,6793,102968,11207599,896496,51488,7411,147912,unavailable,1.82,45476,5845000,23544696,32939552,VM level,25962539,94160
2018_12_12__19_28_43.json,9,207556257,2100116542,1105114057,7641327478,238459099,212877243,202890142,1642721760,13308797752,269,1040,0,0,186503168,6bad1904105c,3289931776,3285352448,Container level,25962539,94160,3,8,1544642923,Process level,1093270,541751,2300.105,585,4799,151858,2750,0,4135,13,147723,Intel(R) Xeon(R) CPU E5-2686 v4 @ 2.30GHz,437,6793,102968,11207599,896504,51488,7412,147912,unavailable,1.82,45476,5845004,23546504,32939552,VM level,25962539,94160
2018_12_12__19_28_44.json,10,223102250,2122124273,1124776590,8719840859,264563777,230310679,224581572,1663132141,14530289935,284,1147,0,0,186507264,6bad1904105c,3289931776,3287437312,Container level,25962539,94160,3,8,1544642924,Process level,1094473,542496,2300.105,585,4800,151981,2750,0,4150,13,147831,Intel(R) Xeon(R) CPU E5-2686 v4 @ 2.30GHz,437,6793,102968,11207599,896512,51488,7413,147912,unavailable,1.82,45476,5845008,23545632,32939552,VM level,25962539,94160
2018_12_12__19_28_45.json,11,239854138,2140116741,1143331469,9798836922,283571570,251768655,251599758,1686166185,15753087033,302,1251,0,0,186511360,6bad1904105c,3289931776,3286089728,Container level,25962539,94160,3,8,1544642925,Process level,1095780,543240,2300.105,585,4800,152103,2750,0,4171,13,147932,Intel(R) Xeon(R) CPU E5-2686 v4 @ 2.30GHz,437,6793,102968,11207599,896520,51488,7414,147912,unavailable,1.75,45476,5845012,23546032,32939552,VM level,25962539,94160
2018_12_12__19_28_46.json,12,257482670,2162080262,1163229825,10875887314,304134377,275298965,269611975,1709722762,16971011908,324,1349,0,0,186515456,6bad1904105c,3345637376,3343994880,Container level,25962539,94160,3,8,1544642926,Process level,1097193,543979,2300.105,585,4800,152227,2753,0,4193,13,148034,Intel(R) Xeon(R) CPU E5-2686 v4 @ 2.30GHz,437,6793,102968,11207599,976008,51488,7737,156360,unavailable,1.75,45476,5845016,23497176,32939552,VM level,25962539,94160
2018_12_12__19_28_47.json,13,280183635,2182124590,1182991966,11953565528,321550918,297414867,287164438,1739515718,18197473356,341,1453,0,0,186519552,6bad1904105c,3567534080,3566661632,Container level,25962539,94160,3,8,1544642927,Process level,1098498,544722,2300.105,585,4800,152347,2753,0,4209,13,148138,Intel(R) Xeon(R) CPU E5-2686 v4 @ 2.30GHz,437,6793,102968,11207599,976016,51488,7738,156360,unavailable,1.75,45476,5845020,23274880,32939552,VM level,25962539,94160
2018_12_12__19_28_48.json,14,300836858,2204766559,1202603734,13028231169,340534153,316804378,305189564,1765128854,19421278624,357,1557,0,0,186523648,6bad1904105c,3705966592,3704070144,Container level,25962539,94160,3,8,1544642928,Process level,1099733,545466,2300.105,585,4800,152468,2753,0,4227,13,148241,Intel(R) Xeon(R) CPU E5-2686 v4 @ 2.30GHz,437,6793,102968,11207599,976024,51488,7739,156360,unavailable,1.75,45476,5845024,23137812,32939552,VM level,25962539,94160
2018_12_12__19_28_49.json,15,617700128,2230228265,1234532203,13853872827,363249472,341337735,434687399,1791297573,20807307670,372,1679,0,0,186527744,6bad1904105c,3834601472,3833393152,Container level,25962539,94160,11,8,1544642929,Process level,1101154,546199,2300.105,585,4800,152602,2753,0,4242,13,148360,Intel(R) Xeon(R) CPU E5-2686 v4 @ 2.30GHz,437,6793,102968,11207599,976032,51488,7740,156360,unavailable,1.75,45476,5845028,23011340,32939552,VM level,25962539,94160
2018_12_12__19_28_51.json,17,863098307,2792647639,1661387000,13916565444,978632930,918297166,883801801,2572222335,24501835187,390,2026,0,0,186531840,6bad1904105c,3845804032,3844038656,Container level,25962539,94160,11,8,1544642931,Process level,1103393,546769,2300.105,585,4800,152963,2753,0,4260,13,148703,Intel(R) Xeon(R) CPU E5-2686 v4 @ 2.30GHz,437,6793,102968,11207599,976040,51488,7741,156360,unavailable,1.85,45476,5845040,23000008,32939552,VM level,25962539,94160
2018_12_12__19_28_52.json,18,925402140,3847615131,1888821045,14759852956,1460462862,1017044008,1496620273,2981288177,28287704908,410,2380,0,0,186535936,6bad1904105c,3847925760,3844022272,Container level,25962539,94160,11,8,1544642932,Process level,1105608,547341,2300.105,585,4801,153335,2753,0,4278,13,149057,Intel(R) Xeon(R) CPU E5-2686 v4 @ 2.30GHz,437,6793,102968,11207599,976048,51488,7742,156364,unavailable,1.85,45476,5845048,22998568,32939552,VM level,25962539,94160
2018_12_12__19_28_53.json,19,1509034474,4734868519,2365990456,15557883890,1684338692,1084218754,2115118999,3098090371,32049293086,433,2730,0,0,186540032,6bad1904105c,3847925760,3843518464,Container level,25962539,94160,11,8,1544642933,Process level,1107811,547911,2300.105,585,4801,153709,2753,0,4300,13,149409,Intel(R) Xeon(R) CPU E5-2686 v4 @ 2.30GHz,437,6793,102968,11207599,976056,51488,7743,156364,unavailable,1.85,45476,5845056,22998184,32939552,VM level,25962539,94160
2018_12_12__19_28_54.json,20,2107769468,5500888604,2983173854,16330261423,2111145411,1148001774,2530720259,3179089312,35822626934,453,3083,0,0,186544128,6bad1904105c,3849052160,3846459392,Container level,25962539,94160,11,8,1544642934,Process level,1110033,548479,2300.105,585,4801,154087,2753,0,4324,13,149763,Intel(R) Xeon(R) CPU E5-2686 v4 @ 2.30GHz,437,6793,102968,11207599,976064,51488,7744,156364,unavailable,1.85,45476,5845064,22997672,32939552,VM level,25962539,94160
2018_12_12__19_28_55.json,21,2573922981,6271096426,3572744264,17248636715,2720995321,1231858870,2756967547,3243468997,39517740859,472,3428,0,0,186548224,6bad1904105c,3849052160,3843506176,Container level,25962539,94160,11,8,1544642935,Process level,1112215,549054,2300.105,585,4801,154446,2753,0,4342,13,150104,Intel(R) Xeon(R) CPU E5-2686 v4 @ 2.30GHz,437,6793,102968,11207599,976072,51488,7745,156364,unavailable,1.95,45476,5845072,22997476,32939552,VM level,25962539,94160
2018_12_12__19_28_57.json,23,2775793229,7092211592,3913895942,18291744227,3314022063,1290839473,3261217111,3306782599,43144826521,491,3765,0,0,186552320,6bad1904105c,3849052160,3845599232,Container level,25962539,94160,11,8,1544642937,Process level,1114435,549641,2300.105,585,4802,154806,2753,0,4362,13,150444,Intel(R) Xeon(R) CPU E5-2686 v4 @ 2.30GHz,437,6823,102968,11207599,976376,51488,7753,156364,unavailable,1.95,45484,5845080,22997648,32939552,VM level,25962539,94160
2018_12_12__19_28_58.json,24,3221318656,8164825039,4168702720,19035238267,3705534052,1356742332,3862411618,3370695459,46799344239,512,4105,0,0,186556416,6bad1904105c,3849596928,3846000640,Container level,25962539,94160,11,8,1544642938,Process level,1116699,550226,2300.105,585,4802,155166,2753,0,4382,13,150784,Intel(R) Xeon(R) CPU E5-2686 v4 @ 2.30GHz,437,6823,102968,11207599,976384,51488,7754,156364,unavailable,1.95,45484,5845088,22997024,32939552,VM level,25962539,94160
2018_12_12__19_28_59.json,25,3806717784,8835596799,4792105004,19925656804,4268012006,1423577106,3995358543,3442776272,50419326276,531,4443,0,0,186560512,6bad1904105c,3850170368,3846467584,Container level,25962539,94160,11,8,1544642939,Process level,1118861,550812,2300.105,585,4802,155522,2753,0,4401,13,151121,Intel(R) Xeon(R) CPU E5-2686 v4 @ 2.30GHz,437,6823,102968,11207599,976392,51488,7755,156368,unavailable,1.95,45484,5845096,22997120,32939552,VM level,25962539,94160
2018_12_12__19_29_00.json,26,4411069698,9755293366,5265659193,20730369459,4430191316,1506241207,4525641008,3525869209,54060701867,550,4781,0,0,186564608,6bad1904105c,3850170368,3845087232,Container level,25962539,94160,11,8,1544642940,Process level,1121051,551396,2300.105,585,4802,155882,2753,0,4421,13,151461,Intel(R) Xeon(R) CPU E5-2686 v4 @ 2.30GHz,437,6823,102968,11207599,976400,51488,7756,156372,unavailable,2.03,45484,5845104,22996308,32939552,VM level,25962539,94160
2018_12_12__19_29_01.json,27,4518159119,10295896283,6166556846,21632589781,5043275459,2035451601,4644590308,3578257902,57825555702,569,5135,0,0,186568704,6bad1904105c,3850170368,3846832128,Container level,25962539,94160,11,8,1544642941,Process level,1123355,551970,2300.105,585,4802,156254,2753,0,4441,13,151813,Intel(R) Xeon(R) CPU E5-2686 v4 @ 2.30GHz,437,6823,102968,11207599,976408,51488,7757,156372,unavailable,2.03,45484,5845112,22996672,32939552,VM level,25962539,94160
2018_12_12__19_29_02.json,28,4611015204,10473351973,6981378154,22658256002,5793061246,2633992979,4718182656,3638096117,61406505461,590,5471,0,0,186572800,6bad1904105c,3850170368,3849084928,Container level,25962539,94160,11,8,1544642942,Process level,1125534,552557,2300.105,585,4803,156609,2753,0,4460,13,152149,Intel(R) Xeon(R) CPU E5-2686 v4 @ 2.30GHz,437,6823,102968,11207599,976416,51488,7758,156376,unavailable,2.03,45484,5845120,22995824,32939552,VM level,25962539,94160
2018_12_12__19_29_04.json,30,4668996111,10899481123,7857544270,23400030056,6556767240,3202921656,4785777453,3720727135,65023701831,605,5808,0,0,186576896,6bad1904105c,3850170368,3846144000,Container level,25962539,94160,11,8,1544642944,Process level,1127774,553145,2300.105,585,4803,156964,2753,0,4476,13,152488,Intel(R) Xeon(R) CPU E5-2686 v4 @ 2.30GHz,437,6823,102968,11207599,976424,51488,7759,156376,unavailable,2.03,45484,5845128,22995388,32939552,VM level,25962539,94160
2018_12_12__19_29_05.json,31,4742050480,11479744589,8581542769,24149277333,7587408605,3471479143,4877226201,3796071936,68596313306,626,6138,0,0,186580992,6bad1904105c,3850285056,3846529024,Container level,25962539,94160,11,8,1544642945,Process level,1129968,553740,2300.105,585,4803,157312,2753,0,4495,13,152817,Intel(R) Xeon(R) CPU E5-2686 v4 @ 2.30GHz,437,6823,102968,11207599,976432,51488,7760,156376,unavailable,2.03,45484,5845136,22995620,32939552,VM level,25962539,94160
2018_12_12__19_29_06.json,32,5329174491,11571387788,9077442005,25036173000,8151225833,4309807710,4941778512,3878688245,72206423337,644,6474,0,0,186585088,6bad1904105c,3850772480,3848396800,Container level,25962609,94160,11,8,1544642946,Process level,1132174,554327,2300.105,585,4803,157669,2753,0,4516,13,153153,Intel(R) Xeon(R) CPU E5-2686 v4 @ 2.30GHz,437,6823,102968,11207599,976440,51488,7761,156376,unavailable,2.35,45484,5845144,22996056,32939552,VM level,25962609,94160
2018_12_12__19_29_07.json,33,5679807719,11632902260,9270760316,25856627504,8604954474,5388988443,5556929060,3953216547,75842850785,668,6813,0,0,186589184,6bad1904105c,3851329536,3848704000,Container level,25962609,94160,11,8,1544642947,Process level,1134397,554904,2300.105,585,4804,158030,2753,0,4536,13,153494,Intel(R) Xeon(R) CPU E5-2686 v4 @ 2.30GHz,437,6823,102968,11207599,976472,51488,7765,156376,unavailable,2.35,45484,5845152,22993928,32939552,VM level,25962609,94160
2018_12_12__19_29_08.json,34,5910634867,11717962270,9702526102,26739590388,9198680579,6127952746,6146893260,4014525456,79478965039,689,7151,0,0,186593280,6bad1904105c,3851538432,3850514432,Container level,25962609,94160,11,8,1544642948,Process level,1136571,555486,2300.105,585,4804,158390,2753,0,4559,13,153831,Intel(R) Xeon(R) CPU E5-2686 v4 @ 2.30GHz,437,6823,102968,11207599,976480,51488,7766,156376,unavailable,2.35,45484,5845160,22994180,32939552,VM level,25962609,94160
2018_12_12__19_29_10.json,36,6426437095,11782574907,10323511661,27482071523,9793334473,6906148661,6408939403,4089726961,83099653142,710,7488,0,0,186597376,6bad1904105c,3851608064,3847774208,Container level,25962609,94160,11,8,1544642950,Process level,1138768,556066,2300.105,585,4804,158751,2753,0,4581,13,154170,Intel(R) Xeon(R) CPU E5-2686 v4 @ 2.30GHz,437,6823,102968,11207599,976488,51488,7767,156376,unavailable,2.35,45484,5845168,22993356,32939552,VM level,25962609,94160
2018_12_12__19_29_11.json,37,7020624883,11867121814,10927004964,28433843136,10110531815,7624081319,6753556946,4170756164,86805560640,728,7834,0,0,186601472,6bad1904105c,3851608064,3846696960,Container level,25962609,94160,11,8,1544642951,Process level,1141026,556654,2300.105,585,4804,159116,2753,0,4602,13,154514,Intel(R) Xeon(R) CPU E5-2686 v4 @ 2.30GHz,437,6823,102968,11207599,976496,51488,7768,156376,unavailable,2.4,45484,5845176,22995540,32939552,VM level,25962609,94160
2018_12_12__19_29_12.json,38,7546941033,11928673011,11262883888,29155172194,10398565414,8649657019,7361968193,4245219941,90459081891,747,8176,0,0,186605568,6bad1904105c,3851608064,3848830976,Container level,25962609,94160,11,8,1544642952,Process level,1143208,557236,2300.105,585,4804,159473,2753,0,4619,13,154854,Intel(R) Xeon(R) CPU E5-2686 v4 @ 2.30GHz,437,6823,102968,11207599,976544,51488,7774,156380,unavailable,2.4,45484,5845184,22995248,32939552,VM level,25962609,94160
2018_12_12__19_29_13.json,39,7761569174,11996155413,11540197163,30147429933,10969244059,9536033655,7967242711,4312539993,94140298804,770,8518,0,0,186609664,6bad1904105c,3851608064,3848310784,Container level,25962609,94160,11,8,1544642953,Process level,1145441,557813,2300.105,585,4805,159839,2753,0,4642,13,155197,Intel(R) Xeon(R) CPU E5-2686 v4 @ 2.30GHz,437,6823,102968,11207599,976552,51488,7775,156380,unavailable,2.4,45484,5845192,22995620,32939552,VM level,25962609,94160
2018_12_12__19_29_14.json,40,8154749580,12054546386,12075005385,30906792890,11558374029,10248669401,8382329379,4377000692,97690876697,793,8848,0,0,186613760,6bad1904105c,3852288000,3850866688,Container level,25962609,94160,11,8,1544642954,Process level,1147657,558397,2300.105,585,4805,160196,2753,0,4664,13,155532,Intel(R) Xeon(R) CPU E5-2686 v4 @ 2.30GHz,437,6823,102968,11207599,976560,51488,7776,156384,unavailable,2.4,45484,5845200,22995040,32939552,VM level,25962609,94160
2018_12_12__19_29_15.json,41,8747555556,12146373050,12651021842,31809131715,12037908528,10980526993,8578774335,4431566784,101271147835,809,9182,0,0,186617856,6bad1904105c,3852288000,3845877760,Container level,25962609,94160,11,8,1544642955,Process level,1149829,558986,2300.105,585,4805,160543,2753,0,4683,13,155860,Intel(R) Xeon(R) CPU E5-2686 v4 @ 2.30GHz,437,6823,102968,11207599,976568,51488,7777,156384,unavailable,2.45,45484,5845208,22996164,32939552,VM level,25962609,94160
2018_12_12__19_29_17.json,43,9353515343,12209221798,13174395652,32667246903,12221702096,11794158726,9077626440,4493870853,104902369627,831,9522,0,0,186621952,6bad1904105c,3852288000,3849613312,Container level,25962609,94160,11,8,1544642957,Process level,1152043,559583,2300.105,585,4805,160904,2753,0,4703,13,156201,Intel(R) Xeon(R) CPU E5-2686 v4 @ 2.30GHz,437,6829,102968,11207599,977112,51488,7816,156384,unavailable,2.45,45484,5845216,22994224,32939552,VM level,25962609,94160
2018_12_12__19_29_18.json,44,9743450010,12272351598,13395981113,33447619793,12652656187,12862452723,9682179905,4572632527,108537627344,848,9863,0,0,186626048,6bad1904105c,3852288000,3847245824,Container level,25962609,94160,11,8,1544642958,Process level,1154255,560165,2300.105,585,4806,161264,2753,0,4721,13,156543,Intel(R) Xeon(R) CPU E5-2686 v4 @ 2.30GHz,437,6829,102968,11207599,977120,51488,7817,156384,unavailable,2.45,45484,5845224,22995568,32939552,VM level,25962609,94160
2018_12_12__19_29_19.json,45,10262907417,12346434845,13804881563,33544918766,13240331038,13563018540,10287393419,5156357769,112136167868,864,10199,0,0,186630144,6bad1904105c,3852484608,3846492160,Container level,25962609,94160,11,8,1544642959,Process level,1156397,560749,2300.105,585,4806,161615,2753,0,4737,13,156878,Intel(R) Xeon(R) CPU E5-2686 v4 @ 2.30GHz,437,6829,102968,11207599,977128,51488,7818,156384,unavailable,2.45,45484,5845232,22995100,32939552,VM level,25962609,94160
2018_12_12__19_29_20.json,46,10446993575,12416628358,14436391324,34077577954,13830832337,14463224763,10756793456,5452436320,115791458165,881,10540,0,0,186634240,6bad1904105c,3852484608,3847352320,Container level,25962609,94160,11,8,1544642960,Process level,1158697,561339,2300.105,585,4806,161972,2753,0,4754,13,157218,Intel(R) Xeon(R) CPU E5-2686 v4 @ 2.30GHz,437,6829,102968,11207599,977136,51488,7819,156384,unavailable,2.49,45484,5845240,22995592,32939552,VM level,25962609,94160
2018_12_12__19_29_21.json,47,10995244239,12915235318,15031829683,34672740505,14145557566,15017183405,10946330454,5768623493,119403636135,901,10878,0,0,186638336,6bad1904105c,3852484608,3848564736,Container level,25962609,94160,11,8,1544642961,Process level,1160853,561933,2300.105,585,4806,162332,2753,0,4773,13,157559,Intel(R) Xeon(R) CPU E5-2686 v4 @ 2.30GHz,437,6829,102968,11207599,977144,51488,7820,156384,unavailable,2.49,45484,5845248,22994564,32939552,VM level,25962609,94160
2018_12_12__19_29_23.json,49,11605094090,13530609463,15381108512,35203650571,14421592533,15203211480,11433204394,6371619594,123060592094,917,11222,0,0,186642432,6bad1904105c,3852484608,3848237056,Container level,25962609,94160,11,8,1544642963,Process level,1163221,562512,2300.105,585,4806,162693,2753,0,4791,13,157902,Intel(R) Xeon(R) CPU E5-2686 v4 @ 2.30GHz,437,6829,102968,11207599,977248,51488,7828,156384,unavailable,2.49,45484,5845256,22994964,32939552,VM level,25962609,94160
2018_12_12__19_29_24.json,50,11982301967,14102930754,15639290785,35412028329,15005463965,15657814083,12056681424,7003998416,126770059498,934,11568,0,0,186646528,6bad1904105c,3852484608,3848822784,Container level,25962609,94160,11,8,1544642964,Process level,1165438,563088,2300.105,585,4807,163056,2753,0,4808,13,158248,Intel(R) Xeon(R) CPU E5-2686 v4 @ 2.30GHz,437,6829,102968,11207599,977256,51488,7829,156384,unavailable,2.49,45484,5845264,22994996,32939552,VM level,25962609,94160
2018_12_12__19_29_25.json,51,12231090954,14539209588,15875963249,35854198798,15574437805,16241931668,12662424678,7576440533,130484822536,958,11915,0,0,186650624,6bad1904105c,3852484608,3847262208,Container level,25962609,94160,11,8,1544642965,Process level,1167580,563661,2300.105,585,4807,163429,2753,0,4829,13,158600,Intel(R) Xeon(R) CPU E5-2686 v4 @ 2.30GHz,437,6829,102968,11207599,977264,51488,7830,156384,unavailable,2.49,45484,5845272,22994828,32939552,VM level,25962609,94160
2018_12_12__19_29_26.json,52,12732296126,14740480528,16234457296,36447245235,16102765026,16825956620,13227282325,7882836353,134103756302,973,12254,0,0,186654720,6bad1904105c,3852484608,3846893568,Container level,25962609,94160,11,8,1544642966,Process level,1169879,564252,2300.105,585,4807,163782,2753,0,4847,13,158935,Intel(R) Xeon(R) CPU E5-2686 v4 @ 2.30GHz,437,6850,102968,11207599,977456,51488,7833,156384,unavailable,2.53,45492,5845272,22995396,32939552,VM level,25962609,94160
2018_12_12__19_29_27.json,53,13324063699,15187850599,16815820087,37052980001,16310129755,17367730099,13587809019,8173610321,137731223945,992,12592,0,0,186658816,6bad1904105c,3852484608,3849805824,Container level,25962609,94160,11,8,1544642967,Process level,1172062,564837,2300.105,585,4807,164138,2753,0,4865,13,159273,Intel(R) Xeon(R) CPU E5-2686 v4 @ 2.30GHz,437,6850,102968,11207599,977464,51488,7834,156384,unavailable,2.53,45492,5845288,22995368,32939552,VM level,25962609,94160
2018_12_12__19_29_29.json,55,13899720610,15756057544,17409486754,37479799745,16705710166,17609644840,13832823990,8716514964,141310635853,1012,12926,0,0,186662912,6bad1904105c,3852484608,3850211328,Container level,25962609,94160,11,8,1544642969,Process level,1174210,565420,2300.105,585,4808,164497,2753,0,4885,13,159612,Intel(R) Xeon(R) CPU E5-2686 v4 @ 2.30GHz,437,6853,102968,11207599,977656,51488,7850,156384,unavailable,2.53,45492,5845296,22994368,32939552,VM level,25962609,94160
2018_12_12__19_29_30.json,56,14201973324,16344220157,17907652210,37675884942,17302093203,17944068257,14344949015,9322940157,144941362580,1028,13267,0,0,186667008,6bad1904105c,3852484608,3846696960,Container level,25962609,94160,11,8,1544642970,Process level,1176501,566010,2300.105,585,4808,164850,2753,0,4903,13,159947,Intel(R) Xeon(R) CPU E5-2686 v4 @ 2.30GHz,437,6853,102968,11207599,977664,51488,7851,156384,unavailable,2.53,45492,5845304,22993616,32939552,VM level,25962609,94160
2018_12_12__19_29_31.json,57,14486243147,16686812432,18113322646,38139909475,17874973595,18531642205,14933645487,9870926031,148537255115,1046,13604,0,0,186671104,6bad1904105c,3852881920,3847680000,Container level,25962609,94160,11,8,1544642971,Process level,1178672,566593,2300.105,585,4808,165206,2753,0,4920,13,160286,Intel(R) Xeon(R) CPU E5-2686 v4 @ 2.30GHz,437,6853,102968,11207599,977672,51488,7852,156384,unavailable,2.57,45492,5845312,22993080,32939552,VM level,25962609,94160
2018_12_12__19_29_32.json,58,15023374359,16916620506,18540931333,38732028368,18287594193,19101781276,15516960842,10093977170,152132046807,1066,13938,0,0,186675200,6bad1904105c,3853180928,3849252864,Container level,25962609,94160,11,8,1544642972,Process level,1180937,567178,2300.105,585,4808,165559,2753,0,4939,13,160620,Intel(R) Xeon(R) CPU E5-2686 v4 @ 2.30GHz,437,6853,102968,11207599,977680,51488,7853,156384,unavailable,2.57,45492,5845320,22992140,32939552,VM level,25962609,94160
2018_12_12__19_29_33.json,59,15122478408,16988112617,19073514716,39311022356,19004675807,19716001072,15964488261,10651249016,155742802741,1087,14275,0,0,186679296,6bad1904105c,3853910016,3849023488,Container level,25962609,94160,11,8,1544642973,Process level,1183234,567762,2300.105,585,4809,165919,2753,0,4960,13,160959,Intel(R) Xeon(R) CPU E5-2686 v4 @ 2.30GHz,437,6853,102968,11207599,977688,51488,7854,156384,unavailable,2.57,45492,5845328,22993912,32939552,VM level,25962609,94160
2018_12_12__19_29_34.json,60,15728123739,17579374698,19865992896,39790208084,19109093514,20271663118,16142708351,10991560168,159392893693,1105,14611,0,0,186683392,6bad1904105c,3853910016,3849654272,Container level,25962609,94160,11,8,1544642974,Process level,1185435,568344,2300.105,585,4809,166274,2753,0,4982,13,161292,Intel(R) Xeon(R) CPU E5-2686 v4 @ 2.30GHz,437,6853,102968,11207599,977792,51488,7862,156384,unavailable,2.57,45492,5845336,22993172,32939552,VM level,25962609,94160
2018_12_12__19_29_36.json,62,16742142163,17865457240,20623134153,39924519159,19179876038,20895480938,16274487957,11607969018,163023289255,1121,14951,0,0,186687488,6bad1904105c,3854319616,3847692288,Container level,25962609,94160,11,8,1544642976,Process level,1187623,568918,2300.105,585,4809,166627,2753,0,4997,13,161630,Intel(R) Xeon(R) CPU E5-2686 v4 @ 2.30GHz,437,6853,102968,11207599,977800,51488,7863,156384,unavailable,2.61,45492,5845344,22994048,32939552,VM level,25962609,94160
2018_12_12__19_29_37.json,63,17567958811,18721148259,21361804184,40432988849,19245113587,21008929657,16341210842,12137868998,166727734610,1139,15299,0,0,186691584,6bad1904105c,3854319616,3848294400,Container level,25962609,94160,11,8,1544642977,Process level,1189860,569498,2300.105,585,4809,166994,2753,0,5015,13,161979,Intel(R) Xeon(R) CPU E5-2686 v4 @ 2.30GHz,437,6853,102968,11207599,977808,51488,7864,156384,unavailable,2.61,45492,5845352,22994280,32939552,VM level,25962609,94160
2018_12_12__19_29_38.json,64,18326226949,19612988623,22326115144,40669437953,19323792852,21067774977,16422843922,12715879858,170382076310,1155,15640,0,0,186695680,6bad1904105c,3854319616,3848871936,Container level,25962609,94160,11,8,1544642978,Process level,1192103,570085,2300.105,585,4809,167352,2753,0,5032,13,162320,Intel(R) Xeon(R) CPU E5-2686 v4 @ 2.30GHz,437,6853,102968,11207599,977816,51488,7865,156388,unavailable,2.61,45492,5845360,22994468,32939552,VM level,25962609,94160
2018_12_12__19_29_39.json,65,19049980602,20332742868,23300109495,41051869146,19394523197,21131847934,16488336795,13324665423,173975510404,1171,15977,0,0,186699776,6bad1904105c,3854319616,3848302592,Container level,25962609,94160,11,8,1544642979,Process level,1194853,570672,2300.105,585,4810,167709,2753,0,5051,13,162658,Intel(R) Xeon(R) CPU E5-2686 v4 @ 2.30GHz,437,6853,102968,11207607,977824,51489,7866,156388,unavailable,2.61,45496,5845372,22994636,32939552,VM level,25962609,94160
2018_12_12__19_29_40.json,66,19854217117,21250331666,24019558870,41636315232,19464986147,21205770326,16566654207,13654796957,177562892064,1190,16313,0,0,186703872,6bad1904105c,3854319616,3848990720,Container level,25962609,94160,11,8,1544642980,Process level,1197003,571262,2300.105,585,4810,168064,2753,0,5069,13,162995,Intel(R) Xeon(R) CPU E5-2686 v4 @ 2.30GHz,437,6853,102968,11207607,977832,51489,7867,156388,unavailable,2.64,45496,5845380,22993616,32939552,VM level,25962609,94160
2018_12_12__19_29_42.json,68,20917076190,21967539937,24781351512,42210719967,19513970500,21274719605,16634803405,13928662780,181138941275,1210,16647,0,0,186707968,6bad1904105c,3854319616,3849129984,Container level,25962609,94160,11,8,1544642982,Process level,1199208,571849,2300.105,585,4810,168420,2753,0,5091,13,163329,Intel(R) Xeon(R) CPU E5-2686 v4 @ 2.30GHz,437,6853,102968,11207607,977840,51489,7868,156388,unavailable,2.64,45496,5845388,22992844,32939552,VM level,25962609,94160
2018_12_12__19_29_43.json,69,21692915121,22864216446,25535141780,42638732215,19580623067,21360341471,16703903287,14471708273,184747502073,1230,16982,0,0,186712064,6bad1904105c,3854319616,3848613888,Container level,25962609,94160,11,8,1544642983,Process level,1201465,572434,2300.105,585,4810,168777,2753,0,5110,13,163667,Intel(R) Xeon(R) CPU E5-2686 v4 @ 2.30GHz,437,6853,102968,11207607,977848,51489,7869,156388,unavailable,2.64,45496,5845396,22994124,32939552,VM level,25962609,94160
2018_12_12__19_29_44.json,70,22549722992,23361367532,26142128239,43534253059,19672987803,21871313913,16762099993,14594730143,188400117989,1253,17322,0,0,186716160,6bad1904105c,3854319616,3849469952,Container level,25962609,94160,11,8,1544642984,Process level,1203633,573026,2300.105,585,4811,169134,2753,0,5131,13,164003,Intel(R) Xeon(R) CPU E5-2686 v4 @ 2.30GHz,437,6853,102968,11207607,977856,51489,7870,156388,unavailable,2.64,45496,5845404,22994312,32939552,VM level,25962609,94160
2018_12_12__19_29_45.json,71,22839582537,24421164309,26457683215,44195095449,20275539223,21975215163,17255739008,14671547408,192002638037,1276,17656,0,0,186720256,6bad1904105c,3854319616,3849850880,Container level,25962609,94160,11,8,1544642985,Process level,1205826,573612,2300.105,585,4811,169496,2753,0,5156,13,164340,Intel(R) Xeon(R) CPU E5-2686 v4 @ 2.30GHz,437,6853,102968,11207607,977864,51489,7871,156388,unavailable,2.67,45496,5845412,22994080,32939552,VM level,25962609,94160
2018_12_12__19_29_46.json,72,23426515553,25139457650,26748899551,45146654394,20608904142,22044797054,17855113861,14745858995,195625758663,1296,17997,0,0,186724352,6bad1904105c,3854811136,3850903552,Container level,25962609,94160,11,8,1544642986,Process level,1208070,574188,2300.105,585,4811,169854,2753,0,5174,13,164680,Intel(R) Xeon(R) CPU E5-2686 v4 @ 2.30GHz,437,6853,102968,11207607,977872,51489,7872,156388,unavailable,2.67,45496,5845420,22993036,32939552,VM level,25962609,94160
2018_12_12__19_29_48.json,74,24059055152,25902210025,27351619466,45923688425,20869538953,22139794768,18419249723,14822019679,199385393357,1319,18348,0,0,186728448,6bad1904105c,3854811136,3847942144,Container level,25962609,94160,11,8,1544642988,Process level,1210227,574761,2300.105,585,4811,170231,2753,0,5198,13,165033,Intel(R) Xeon(R) CPU E5-2686 v4 @ 2.30GHz,437,6853,102968,11207607,977880,51489,7873,156388,unavailable,2.67,45496,5845428,22993136,32939552,VM level,25962609,94160
2018_12_12__19_29_49.json,75,24622503179,26970185579,27478620764,46829924077,20942731686,22205990134,19149859296,14890663107,203000813614,1339,18688,0,0,186732544,6bad1904105c,3854811136,3848802304,Container level,25962609,94160,11,8,1544642989,Process level,1212448,575348,2300.105,585,4811,170590,2753,0,5220,13,165370,Intel(R) Xeon(R) CPU E5-2686 v4 @ 2.30GHz,437,6853,102968,11207607,977888,51489,7874,156388,unavailable,2.67,45496,5845436,22993696,32939552,VM level,25962609,94160
2018_12_12__19_29_50.json,76,25102115009,27804544594,27561163456,47612172761,21549065149,22289456559,20070392593,14957188311,206856802852,1356,19048,0,0,186736640,6bad1904105c,3854811136,3850448896,Container level,25962609,94160,11,8,1544642990,Process level,1214591,575914,2300.105,585,4812,170969,2753,0,5238,13,165731,Intel(R) Xeon(R) CPU E5-2686 v4 @ 2.30GHz,437,6853,102968,11207607,977896,51489,7875,156388,unavailable,2.67,45496,5845444,22994120,32939552,VM level,25962609,94160
2018_12_12__19_29_51.json,77,25317894390,28561173150,27620640403,48419823484,22136703671,22357626508,21127330378,15032208363,210486356747,1379,19387,0,0,186740736,6bad1904105c,3854811136,3849187328,Container level,25962609,94160,11,8,1544642991,Process level,1216737,576501,2300.105,585,4812,171328,2753,0,5258,13,166070,Intel(R) Xeon(R) CPU E5-2686 v4 @ 2.30GHz,437,6853,102968,11207607,977904,51489,7876,156388,unavailable,2.77,45496,5845452,22993904,32939552,VM level,25962609,94160
2018_12_12__19_29_52.json,78,25743649951,29338216271,27690968634,49453671737,22519809998,22459236782,21843021384,15090151371,214053733093,1393,19723,0,0,186744832,6bad1904105c,3854811136,3850166272,Container level,25962609,94160,11,8,1544642992,Process level,1218970,577088,2300.105,585,4812,171677,2753,0,5273,13,166404,Intel(R) Xeon(R) CPU E5-2686 v4 @ 2.30GHz,437,6853,102968,11207607,977912,51489,7877,156388,unavailable,2.77,45496,5845460,22994220,32939552,VM level,25962609,94160
2018_12_12__19_29_53.json,79,26638881122,29448857772,28259257167,50129711791,22730318390,23041570218,22283580274,15160620010,217625660711,1409,20061,0,0,186748928,6bad1904105c,3854811136,3850899456,Container level,25962609,94160,11,8,1544642993,Process level,1221118,577676,2300.105,585,4812,172035,2753,0,5291,13,166744,Intel(R) Xeon(R) CPU E5-2686 v4 @ 2.30GHz,437,6853,102968,11207607,977920,51489,7878,156388,unavailable,2.77,45496,5845468,22992972,32939552,VM level,25962609,94160
2018_12_12__19_29_55.json,81,26874871227,30300653987,28501966932,50937864572,23368570377,23130809339,22867142856,15242208640,221145362156,1428,20390,0,0,186753024,6bad1904105c,3854819328,3849515008,Container level,25962609,94160,11,8,1544642995,Process level,1223346,578263,2300.105,585,4813,172383,2753,0,5309,13,167074,Intel(R) Xeon(R) CPU E5-2686 v4 @ 2.30GHz,437,6853,102968,11207607,977928,51489,7879,156388,unavailable,2.77,45496,5845476,22993692,32939552,VM level,25962609,94160
2018_12_12__19_29_56.json,82,26958661546,30854191640,28856288271,51823630527,23959697289,23631694398,23457090868,15316218603,224755156478,1446,20728,0,0,186757120,6bad1904105c,3854819328,3849551872,Container level,25962609,94160,11,8,1544642996,Process level,1225601,578853,2300.105,585,4813,172739,2753,0,5328,13,167411,Intel(R) Xeon(R) CPU E5-2686 v4 @ 2.30GHz,437,6853,102968,11207607,977936,51489,7880,156392,unavailable,2.79,45496,5845484,22994920,32939552,VM level,25962609,94160
2018_12_12__19_29_57.json,83,27449520899,31449322775,29455228611,52691704536,24484306539,23821842924,23771420988,15390620483,228424400636,1468,21070,0,0,186761216,6bad1904105c,3854819328,3849261056,Container level,25962609,94160,11,8,1544642997,Process level,1227802,579438,2300.105,585,4813,173104,2753,0,5350,13,167754,Intel(R) Xeon(R) CPU E5-2686 v4 @ 2.30GHz,437,6872,102968,11207607,978112,51489,7883,156396,unavailable,2.79,45504,5845484,22993288,32939552,VM level,25962609,94160
2018_12_12__19_29_58.json,84,28056656059,31975832313,30055729467,53569792731,24685032497,24313556462,24068875460,15461314957,232098032247,1485,21415,0,0,186765312,6bad1904105c,3854819328,3848134656,Container level,25962609,94160,11,8,1544642998,Process level,1230036,580014,2300.105,585,4813,173465,2753,0,5367,13,168098,Intel(R) Xeon(R) CPU E5-2686 v4 @ 2.30GHz,437,6872,102968,11207607,978120,51489,7884,156396,unavailable,2.79,45504,5845500,22994408,32939552,VM level,25962609,94160
2018_12_12__19_29_59.json,85,28534391138,32152524379,30619481403,54372728395,25138674891,24913350248,24118881504,15520526651,235327458793,1504,21712,0,0,186769408,6bad1904105c,3854819328,3798126592,Container level,25962609,94160,3,8,1544642999,Process level,1232481,580627,2300.105,585,4813,173788,2753,0,5386,13,168402,Intel(R) Xeon(R) CPU E5-2686 v4 @ 2.30GHz,437,6872,102968,11207607,978128,51489,7885,156396,unavailable,2.79,45504,5845508,23055208,32939552,VM level,25962609,94160
2018_12_12__19_30_00.json,86,28554192487,33231921384,30641759366,54388154214,25159477523,24944695300,24139478816,15539027296,236551313884,1515,21822,0,0,186773504,6bad1904105c,3854819328,3837628416,Container level,25962609,94160,3,8,1544643000,Process level,1233889,581372,2300.105,585,4814,173909,2753,0,5397,13,168512,Intel(R) Xeon(R) CPU E5-2686 v4 @ 2.30GHz,437,6877,102968,11207607,978736,51489,7930,156400,unavailable,2.65,45504,5845508,23009804,32939552,VM level,25962609,94160
2018_12_12__19_30_02.json,88,28571781419,34314493229,30661357964,54406787952,25178006827,24972639761,24159796732,15557159175,237774854442,1530,21927,0,0,186777600,6bad1904105c,4066861056,4066111488,Container level,25962609,94160,3,8,1544643002,Process level,1235140,582116,2300.105,585,4814,174030,2753,0,5413,13,168617,Intel(R) Xeon(R) CPU E5-2686 v4 @ 2.30GHz,437,6877,102968,11207607,978744,51489,7931,156400,unavailable,2.65,45504,5845512,22787368,32939552,VM level,25962609,94160
2018_12_12__19_30_03.json,89,28587687658,35394738136,30682524131,54425087167,25195028428,24998830115,24183813323,15578681259,239000127526,1549,22029,0,0,186781696,6bad1904105c,4237869056,4237697024,Container level,25962609,94160,3,8,1544643003,Process level,1236340,582860,2300.105,585,4814,174150,2753,0,5431,13,168719,Intel(R) Xeon(R) CPU E5-2686 v4 @ 2.30GHz,437,6877,102968,11207607,978752,51489,7932,156400,unavailable,2.65,45504,5845516,22622620,32939552,VM level,25962609,94160
2018_12_12__19_30_04.json,90,28606620619,36475464816,30702188091,54441544092,25213594546,25027622543,24203783463,15598790735,240226342742,1560,22140,0,0,186785792,6bad1904105c,4260388864,4260007936,Container level,25962609,94160,3,8,1544643004,Process level,1237602,583605,2300.105,585,4814,174272,2753,0,5443,13,168829,Intel(R) Xeon(R) CPU E5-2686 v4 @ 2.30GHz,437,6877,102968,11207607,978760,51489,7933,156400,unavailable,2.65,45504,5845520,22596640,32939552,VM level,25962609,94160
2018_12_12__19_30_05.json,91,28623349479,37555226153,30723339982,54463078366,25234252810,25052825409,24224176423,15614799415,241445261617,1567,22252,0,0,186789888,6bad1904105c,4261449728,4259094528,Container level,25962679,94160,3,8,1544643005,Process level,1238803,584349,2300.105,585,4814,174392,2753,0,5450,13,168942,Intel(R) Xeon(R) CPU E5-2686 v4 @ 2.30GHz,437,6877,102968,11207607,978768,51489,7934,156400,unavailable,2.65,45504,5845524,22595468,32939552,VM level,25962679,94160
2018_12_12__19_30_06.json,92,28642670176,38634393453,30744142615,54482377459,25251387484,25078189861,24244097860,15637130404,242667686392,1576,22364,0,0,186793984,6bad1904105c,4262137856,4261982208,Container level,25962679,94160,3,8,1544643006,Process level,1240070,585092,2300.105,585,4814,174513,2753,0,5459,13,169054,Intel(R) Xeon(R) CPU E5-2686 v4 @ 2.30GHz,437,6877,102968,11207607,978776,51489,7935,156400,unavailable,2.52,45504,5845528,22595192,32939552,VM level,25962679,94160
2018_12_12__19_30_07.json,93,28672121005,39703989316,30761845330,54501637898,25270722429,25104302000,24265686871,15652879375,243890238824,1587,22476,0,0,186798080,6bad1904105c,4262821888,4261560320,Container level,25962679,94160,3,8,1544643007,Process level,1241277,585837,2300.105,585,4814,174635,2753,0,5470,13,169165,Intel(R) Xeon(R) CPU E5-2686 v4 @ 2.30GHz,437,6877,102968,11207607,978784,51489,7936,156400,unavailable,2.52,45504,5845532,22594656,32939552,VM level,25962679,94160
2018_12_12__19_30_08.json,94,28690481219,40783572744,30784343821,54527956471,25290461691,25124246007,24287671350,15672740546,245114953009,1596,22589,0,0,186802176,6bad1904105c,4262821888,4239863808,Container level,25962679,94160,3,8,1544643008,Process level,1242524,586581,2300.105,585,4814,174757,2753,0,5478,13,169279,Intel(R) Xeon(R) CPU E5-2686 v4 @ 2.30GHz,437,6877,102968,11207607,978792,51489,7937,156400,unavailable,2.52,45504,5845536,22612040,32939552,VM level,25962679,94160
2018_12_12__19_30_09.json,95,28711825357,41859864121,30804960782,54546734609,25315578299,25148356474,24308797503,15691584103,246343973233,1607,22701,0,0,186806272,6bad1904105c,4262821888,4241965056,Container level,25962679,94160,3,8,1544643009,Process level,1243736,587327,2300.105,585,4814,174879,2753,0,5488,13,169391,Intel(R) Xeon(R) CPU E5-2686 v4 @ 2.30GHz,437,6877,102968,11207607,978800,51489,7938,156400,unavailable,2.52,45504,5845540,22611968,32939552,VM level,25962679,94160
2018_12_12__19_30_10.json,96,28730237060,42935037379,30829999769,54567984386,25338551836,25177123376,24329425558,15710511417,247571329031,1617,22812,0,0,186810368,6bad1904105c,4262821888,4243755008,Container level,25962679,94160,3,8,1544643010,Process level,1245034,588072,2300.105,585,4815,175000,2753,0,5498,13,169502,Intel(R) Xeon(R) CPU E5-2686 v4 @ 2.30GHz,437,6877,102968,11207607,978808,51489,7939,156404,unavailable,2.39,45504,5845544,22611440,32939552,VM level,25962679,94160
2018_12_12__19_30_11.json,97,28751595301,44013654624,30849690924,54590787467,25357398391,25201710127,24351085300,15727145801,248796524053,1628,22925,0,0,186814464,6bad1904105c,4262821888,4241768448,Container level,25962679,94160,3,8,1544643011,Process level,1246292,588816,2300.105,585,4815,175124,2753,0,5510,13,169614,Intel(R) Xeon(R) CPU E5-2686 v4 @ 2.30GHz,437,6877,102968,11207607,978816,51489,7940,156404,unavailable,2.39,45504,5845548,22611764,32939552,VM level,25962679,94160
2018_12_12__19_30_12.json,98,28770260642,45097653247,30869434455,54609045278,25382445279,25222913943,24369414329,15744864689,250019262250,1636,23037,0,0,186818560,6bad1904105c,4262821888,4243836928,Container level,25962679,94160,3,8,1544643012,Process level,1247530,589560,2300.105,585,4815,175246,2753,0,5519,13,169727,Intel(R) Xeon(R) CPU E5-2686 v4 @ 2.30GHz,437,6877,102968,11207607,978824,51489,7941,156404,unavailable,2.39,45504,5845552,22610916,32939552,VM level,25962679,94160
2018_12_12__19_30_13.json,99,28791414070,46180238221,30886912800,54627824231,25402781344,25247704852,24389155948,15764857566,251245539355,1646,23148,0,0,186822656,6bad1904105c,4262821888,4244586496,Container level,25962679,94160,3,8,1544643013,Process level,1248725,590304,2300.105,585,4815,175367,2753,0,5528,13,169839,Intel(R) Xeon(R) CPU E5-2686 v4 @ 2.30GHz,437,6877,102968,11207607,978832,51489,7942,156404,unavailable,2.39,45504,5845556,22611392,32939552,VM level,25962679,94160
2018_12_12__19_30_15.json,101,28813169078,47260861441,30906861669,54645837612,25424544136,25272810720,24408040461,15782734654,252468471604,1655,23259,0,0,186826752,6bad1904105c,4262821888,4240248832,Container level,25962679,94160,3,8,1544643015,Process level,1250004,591049,2300.105,585,4815,175487,2753,0,5539,13,169948,Intel(R) Xeon(R) CPU E5-2686 v4 @ 2.30GHz,437,6877,102968,11207607,978840,51489,7943,156404,unavailable,2.39,45504,5845560,22611792,32939552,VM level,25962679,94160
2018_12_12__19_30_16.json,102,28832376006,48342980875,30924427928,54667188786,25448764914,25300872177,24426698812,15800160584,253696396463,1664,23370,0,0,186830848,6bad1904105c,4262821888,4242751488,Container level,25962679,94160,3,8,1544643016,Process level,1251211,591795,2300.105,585,4815,175607,2753,0,5547,13,170060,Intel(R) Xeon(R) CPU E5-2686 v4 @ 2.30GHz,437,6877,102968,11207607,978848,51489,7944,156404,unavailable,2.28,45504,5845564,22612052,32939552,VM level,25962679,94160
2018_12_12__19_30_17.json,103,28853101838,49426980174,30943334333,54685789075,25467080455,25324469767,24446229052,15820504177,254921238237,1674,23481,0,0,186834944,6bad1904105c,4262821888,4243685376,Container level,25962679,94160,3,8,1544643017,Process level,1252502,592539,2300.105,585,4815,175728,2753,0,5557,13,170171,Intel(R) Xeon(R) CPU E5-2686 v4 @ 2.30GHz,437,6877,102968,11207607,978856,51489,7945,156404,unavailable,2.28,45504,5845568,22611796,32939552,VM level,25962679,94160
2018_12_12__19_30_18.json,104,28875575632,50504530812,30959703649,54704337650,25484519592,25349302926,24463279909,15848743881,256144362582,1682,23593,0,0,186839040,6bad1904105c,4262821888,4242751488,Container level,25962679,94160,3,8,1544643018,Process level,1253746,593284,2300.105,585,4815,175847,2753,0,5565,13,170282,Intel(R) Xeon(R) CPU E5-2686 v4 @ 2.30GHz,437,6877,102968,11207607,978864,51489,7946,156404,unavailable,2.28,45504,5845572,22611424,32939552,VM level,25962679,94160
2018_12_12__19_30_19.json,105,28891750695,51578397884,30983530435,54726601782,25504151894,25371874831,24480914777,15870321451,257365522627,1690,23705,0,0,186843136,6bad1904105c,4262821888,4239613952,Container level,25962679,94160,3,8,1544643019,Process level,1254962,594028,2300.105,585,4815,175970,2753,0,5574,13,170396,Intel(R) Xeon(R) CPU E5-2686 v4 @ 2.30GHz,437,6877,102968,11207607,978872,51489,7947,156404,unavailable,2.28,45504,5845576,22612240,32939552,VM level,25962679,94160
2018_12_12__19_30_20.json,106,28917680138,52655707225,31000238708,54746294341,25527379508,25395862959,24498678543,15888344189,258583704962,1697,23816,0,0,186847232,6bad1904105c,4262821888,4244295680,Container level,25962679,94160,3,8,1544643020,Process level,1256180,594770,2300.105,585,4815,176087,2753,0,5580,13,170507,Intel(R) Xeon(R) CPU E5-2686 v4 @ 2.30GHz,437,6877,102968,11207607,978880,51489,7948,156404,unavailable,2.28,45504,5845580,22611380,32939552,VM level,25962679,94160
2018_12_12__19_30_21.json,107,28935308450,53734412554,31022041913,54764460692,25547014542,25416456896,24519353080,15909732035,259807035450,1704,23929,0,0,186851328,6bad1904105c,4262821888,4244013056,Container level,25962679,94160,3,8,1544643021,Process level,1257412,595514,2300.105,585,4816,176207,2753,0,5588,13,170619,Intel(R) Xeon(R) CPU E5-2686 v4 @ 2.30GHz,437,6877,102968,11207607,978888,51489,7949,156404,unavailable,2.18,45504,5845584,22611228,32939552,VM level,25962679,94160
2018_12_12__19_30_22.json,108,28954989793,54816832671,31036445200,54784049898,25571377408,25444841418,24539429713,15928977205,261029789018,1712,24040,0,0,186855424,6bad1904105c,4262821888,4243898368,Container level,25962679,94160,3,8,1544643022,Process level,1258702,596257,2300.105,585,4816,176326,2753,0,5595,13,170731,Intel(R) Xeon(R) CPU E5-2686 v4 @ 2.30GHz,437,6877,102968,11207607,978896,51489,7950,156404,unavailable,2.18,45504,5845588,22611876,32939552,VM level,25962679,94160
2018_12_12__19_30_23.json,109,28973487120,55899093047,31054894779,54806425425,25587304182,25466798120,24561597009,15951846125,262255175879,1724,24150,0,0,186859520,6bad1904105c,4262821888,4241944576,Container level,25962679,94160,3,8,1544643023,Process level,1259994,597002,2300.105,585,4816,176447,2753,0,5606,13,170841,Intel(R) Xeon(R) CPU E5-2686 v4 @ 2.30GHz,437,6877,102968,11207607,978904,51489,7951,156404,unavailable,2.18,45504,5845592,22611256,32939552,VM level,25962679,94160
2018_12_12__19_30_24.json,110,28994852153,56977259155,31073371838,54829556479,25608421582,25492153466,24577700123,15971165131,263477500187,1735,24260,0,0,186863616,6bad1904105c,4262821888,4244258816,Container level,25962679,94160,3,8,1544643024,Process level,1261190,597746,2300.105,585,4816,176569,2753,0,5617,13,170952,Intel(R) Xeon(R) CPU E5-2686 v4 @ 2.30GHz,437,6877,102968,11207607,978912,51489,7952,156404,unavailable,2.18,45504,5845596,22611336,32939552,VM level,25962679,94160
2018_12_12__19_30_25.json,111,29016909727,58051147630,31091517795,54847854313,25627041442,25518114881,24600911057,15988754328,264700314157,1744,24373,0,0,186867712,6bad1904105c,4262821888,4244344832,Container level,25962679,94160,3,8,1544643025,Process level,1262484,598489,2300.105,585,4816,176692,2753,0,5627,13,171065,Intel(R) Xeon(R) CPU E5-2686 v4 @ 2.30GHz,437,6877,102968,11207607,978920,51489,7953,156404,unavailable,2.09,45504,5845600,22611636,32939552,VM level,25962679,94160
2018_12_12__19_30_26.json,112,29035590009,59130923654,31111067197,54869437380,25648604331,25545444663,24617320901,16009215894,265924587522,1752,24486,0,0,186871808,6bad1904105c,4262821888,4241231872,Container level,25962679,94160,3,8,1544643026,Process level,1263707,599233,2300.105,585,4816,176813,2753,0,5636,13,171177,Intel(R) Xeon(R) CPU E5-2686 v4 @ 2.30GHz,437,6877,102968,11207607,978928,51489,7954,156404,unavailable,2.09,45504,5845604,22611160,32939552,VM level,25962679,94160
2018_12_12__19_30_28.json,114,29057697194,60217128207,31133386925,54888826247,25668004215,25572588647,24633526041,16027696068,267150903776,1762,24599,0,0,186875904,6bad1904105c,4262821888,4242690048,Container level,25962679,94160,3,8,1544643028,Process level,1264939,599977,2300.105,585,4816,176934,2753,0,5645,13,171289,Intel(R) Xeon(R) CPU E5-2686 v4 @ 2.30GHz,437,6901,102968,11207607,979144,51489,7957,156404,unavailable,2.09,45512,5845608,22611144,32939552,VM level,25962679,94160
2018_12_12__19_30_29.json,115,29075935281,61298365498,31151725011,54906742835,25686912252,25599868630,24653836176,16050606643,268376509439,1772,24709,0,0,186880000,6bad1904105c,4262821888,4241010688,Container level,25962679,94160,3,8,1544643029,Process level,1266160,600722,2300.105,585,4816,177056,2753,0,5656,13,171400,Intel(R) Xeon(R) CPU E5-2686 v4 @ 2.30GHz,437,6901,102968,11207607,979152,51489,7958,156404,unavailable,2.09,45512,5845612,22611164,32939552,VM level,25962679,94160
2018_12_12__19_30_30.json,116,29092644146,62372190173,31169152443,54927413967,25710668551,25628288123,24675345826,16073618120,269606243790,1782,24821,0,0,186884096,6bad1904105c,4262821888,4243111936,Container level,25962679,94160,3,8,1544643030,Process level,1267405,601467,2300.105,585,4816,177177,2753,0,5665,13,171512,Intel(R) Xeon(R) CPU E5-2686 v4 @ 2.30GHz,437,6901,102968,11207607,979160,51489,7959,156404,unavailable,2.09,45512,5845616,22612472,32939552,VM level,25962679,94160
2018_12_12__19_30_31.json,117,29106012136,63451766121,31189681476,54947289604,25732881789,25655047425,24697086740,16094445639,270831866826,1789,24933,0,0,186888192,6bad1904105c,4262821888,4241846272,Container level,25962679,94160,3,8,1544643031,Process level,1268722,602211,2300.105,585,4817,177297,2753,0,5674,13,171623,Intel(R) Xeon(R) CPU E5-2686 v4 @ 2.30GHz,437,6901,102968,11207607,979168,51489,7960,156408,unavailable,2,45512,5845620,22611228,32939552,VM level,25962679,94160
2018_12_12__19_30_32.json,118,29137717125,64525765492,31204613444,54968619460,25750506085,25676691679,24717177156,16115440966,272054174831,1800,25044,0,0,186892288,6bad1904105c,4262821888,4242485248,Container level,25962679,94160,3,8,1544643032,Process level,1269928,602955,2300.105,585,4817,177419,2753,0,5683,13,171736,Intel(R) Xeon(R) CPU E5-2686 v4 @ 2.30GHz,437,6923,102968,11207607,979496,51489,7979,156408,unavailable,2,45512,5845624,22612556,32939552,VM level,25962679,94160
2018_12_12__19_30_33.json,119,29157118843,65607013617,31224085815,54991316775,25775588099,25702344990,24734741582,16133536690,273278388720,1809,25156,0,0,186896384,6bad1904105c,4262821888,4243849216,Container level,25962679,94160,3,8,1544643033,Process level,1271140,603699,2300.105,585,4817,177540,2753,0,5693,13,171847,Intel(R) Xeon(R) CPU E5-2686 v4 @ 2.30GHz,437,6923,102968,11207607,979504,51489,7980,156408,unavailable,2,45512,5845628,22612128,32939552,VM level,25962679,94160
2018_12_12__19_30_34.json,120,29177493409,66685271490,31247892824,55009052981,25792373885,25726441271,24755848643,16155078173,274503383493,1817,25270,0,0,186900480,6bad1904105c,4262821888,4244938752,Container level,25962679,94160,3,8,1544643034,Process level,1272372,604445,2300.105,585,4817,177662,2753,0,5701,13,171961,Intel(R) Xeon(R) CPU E5-2686 v4 @ 2.30GHz,437,6923,102968,11207607,979512,51489,7981,156408,unavailable,2,45512,5845632,22610964,32939552,VM level,25962679,94160
2018_12_12__19_30_35.json,121,29196769891,67758081753,31265600409,55029962650,25809900151,25755967071,24779685758,16176432213,275726626852,1827,25380,0,0,186904576,6bad1904105c,4262821888,4243787776,Container level,25962679,94160,3,8,1544643035,Process level,1273707,605188,2300.105,585,4817,177784,2753,0,5712,13,172072,Intel(R) Xeon(R) CPU E5-2686 v4 @ 2.30GHz,437,6923,102968,11207607,979520,51489,7982,156408,unavailable,1.92,45512,5845636,22611308,32939552,VM level,25962679,94160
2018_12_12__19_30_36.json,122,30364861225,69799824978,32451260584,56221534245,26995329707,26946159142,25960650446,17359333235,283159318136,1861,26038,0,0,186908672,6bad1904105c,4365836288,4364718080,Container level,25962679,94160,11,8,1544643036,Process level,1275495,605826,2300.105,585,4817,178103,2753,0,5751,13,172352,Intel(R) Xeon(R) CPU E5-2686 v4 @ 2.30GHz,437,6923,102968,11207607,979528,51489,7983,156408,unavailable,1.92,45512,5854420,22490916,32939552,VM level,25962679,94160
2018_12_12__19_30_40.json,126,33377014511,72795505821,35492182817,59257100889,29993942911,29964206873,29015555513,20402022231,310213765454,1877,28751,0,0,186912768,6bad1904105c,4534464512,4533112832,Container level,25962679,94160,11,8,1544643040,Process level,1293415,605846,2300.105,585,4818,181182,2753,0,5757,13,175425,Intel(R) Xeon(R) CPU E5-2686 v4 @ 2.30GHz,437,6926,102968,11207607,997144,51489,8059,157092,unavailable,2.41,45512,5854432,22355660,32939552,VM level,25962679,94160
2018_12_12__19_30_41.json,127,33866803746,73285385193,35985215097,59752778880,30487003193,30462403037,29512211832,20904058344,314172132041,1922,28780,0,0,186916864,6bad1904105c,4877443072,4876771328,Container level,25962679,94160,11,8,1544643041,Process level,1513685,606480,2300.105,585,4836,181277,2753,0,5804,13,175473,Intel(R) Xeon(R) CPU E5-2686 v4 @ 2.30GHz,437,6926,102968,11207607,997152,51489,8060,157092,unavailable,2.41,45512,5854440,21999944,32939552,VM level,25962679,94160
2018_12_12__19_30_43.json,129,35925444027,75348312998,38130645478,61830713127,32623861303,32600137658,31542311738,23030717941,328345257522,1951,30062,0,0,186920960,6bad1904105c,4951044096,4949475328,Container level,25962679,94160,11,8,1544643043,Process level,1563942,606588,2300.105,585,4840,182180,2753,0,5841,13,176339,Intel(R) Xeon(R) CPU E5-2686 v4 @ 2.30GHz,437,6926,102968,11207607,997160,51489,8061,157092,unavailable,2.41,45512,5854448,21919392,32939552,VM level,25962679,94160
2018_12_12__19_30_47.json,133,39902024564,79336268474,42069587110,65828192681,36615353338,36561267318,35532060950,27038805212,360100710054,1954,33227,0,0,186925056,6bad1904105c,4951044096,4949262336,Container level,25962679,94160,11,8,1544643047,Process level,1567718,606589,2300.105,585,4840,185376,2753,0,5843,13,179533,Intel(R) Xeon(R) CPU E5-2686 v4 @ 2.30GHz,437,6926,102968,11207607,997168,51489,8062,157092,unavailable,2.93,45512,5854456,21919724,32939552,VM level,25962679,94160
2018_12_12__19_30_51.json,137,43936404657,83373464320,46066161753,69866316879,40646603620,40570390089,39560399057,31058138137,392455174073,1955,36475,0,0,186929152,6bad1904105c,4951044096,4949094400,Container level,25962679,94160,11,8,1544643051,Process level,1571372,606589,2300.105,585,4840,188591,2753,0,5845,13,182746,Intel(R) Xeon(R) CPU E5-2686 v4 @ 2.30GHz,437,6926,102968,11207607,997176,51489,8063,157092,unavailable,3.34,45512,5854464,21919404,32939552,VM level,25962679,94160
2018_12_12__19_30_55.json,141,47957513494,87419626182,50065324974,73898914629,44665715463,44580191145,43583632382,35080898144,424468904018,1956,39679,0,0,186933248,6bad1904105c,4951044096,4949643264,Container level,25962679,94160,11,8,1544643055,Process level,1575038,606590,2300.105,585,4840,191807,2753,0,5847,13,185960,Intel(R) Xeon(R) CPU E5-2686 v4 @ 2.30GHz,437,6926,102968,11207607,997184,51489,8064,157092,unavailable,3.34,45512,5854472,21920132,32939552,VM level,25962679,94160
2018_12_12__19_30_59.json,145,51921744764,91370699344,54046807547,77871115325,48618229307,48539854272,47559315568,39016086093,456320848011,1958,42864,0,0,186937344,6bad1904105c,4951101440,4949725184,Container level,25962679,94160,11,8,1544643059,Process level,1578678,606590,2300.105,585,4840,195031,2753,0,5849,13,189182,Intel(R) Xeon(R) CPU E5-2686 v4 @ 2.30GHz,437,6950,102968,11207607,997400,51489,8067,157092,unavailable,3.79,45520,5854480,21919720,32939552,VM level,25962679,94160
2018_12_12__19_31_03.json,149,55796084945,95238904591,57931535110,81739548462,52466216042,52409933286,51433293565,42848869802,487242511038,1960,45949,0,0,186941440,6bad1904105c,4951306240,4949942272,Container level,25962679,94160,11,8,1544643063,Process level,1582227,606590,2300.105,585,4840,198107,2753,0,5851,13,192256,Intel(R) Xeon(R) CPU E5-2686 v4 @ 2.30GHz,437,6956,102968,11207607,997656,51489,8084,157092,unavailable,4.21,45520,5854488,21918284,32939552,VM level,25962679,94160
2018_12_12__19_31_06.json,152,59639658569,99091552990,61761869369,85566617651,56294097229,56265588391,55256770789,46685857655,517940010472,1962,49027,0,0,186945536,6bad1904105c,4951306240,4949225472,Container level,25962679,94160,11,8,1544643067,Process level,1585887,606591,2300.105,585,4840,201210,2753,0,5853,13,195357,Intel(R) Xeon(R) CPU E5-2686 v4 @ 2.30GHz,437,6956,102968,11207607,997664,51489,8085,157092,unavailable,4.59,45520,5854496,21919144,32939552,VM level,25962679,94160
2018_12_12__19_31_10.json,156,63623730594,103043870442,65718357716,89548241907,60279660388,60249385264,59224901476,50662366931,549664584164,1963,52187,0,0,186949632,6bad1904105c,4951306240,4949237760,Container level,25962679,94160,11,8,1544643070,Process level,1589566,606591,2300.105,585,4840,204381,2753,0,5854,13,198527,Intel(R) Xeon(R) CPU E5-2686 v4 @ 2.30GHz,437,6956,102968,11207607,997672,51489,8086,157092,unavailable,4.87,45520,5854504,21919388,32939552,VM level,25962679,94160
2018_12_12__19_31_14.json,160,67634316342,107071472921,69729243074,93570048997,64289132602,64263695506,63228850027,54696647380,581637852010,1963,55399,0,0,186953728,6bad1904105c,4952100864,4951658496,Container level,25962679,94160,11,8,1544643074,Process level,1593258,606591,2300.105,585,4840,207549,2753,0,5856,13,201693,Intel(R) Xeon(R) CPU E5-2686 v4 @ 2.30GHz,437,6956,102968,11207607,997680,51489,8087,157092,unavailable,4.87,45520,5854512,21919636,32939552,VM level,25962679,94160
2018_12_12__19_31_18.json,164,71503591471,110971521280,73602642783,97442932715,68174167578,68138659774,67112973302,58579920864,612617494322,1965,58503,0,0,186957824,6bad1904105c,4962820096,4962603008,Container level,25962679,94160,11,8,1544643078,Process level,1597961,606591,2300.105,585,4840,210675,2753,0,5858,13,204817,Intel(R) Xeon(R) CPU E5-2686 v4 @ 2.30GHz,437,6956,102968,11207607,997688,51489,8088,157092,unavailable,5.2,45520,5857616,21908460,32939552,VM level,25962679,94160
2018_12_12__19_31_22.json,168,75528214657,115020534575,77659154778,101459228866,72204539926,72163076156,71138279483,62620300915,645075300568,1969,61740,0,0,186961920,6bad1904105c,4966535168,4964769792,Container level,25962679,94160,11,8,1544643082,Process level,1601944,606591,2300.105,585,4840,213891,2753,0,5862,13,208029,Intel(R) Xeon(R) CPU E5-2686 v4 @ 2.30GHz,437,6957,102968,11207607,1003976,51489,8121,157220,unavailable,5.5,45520,5858652,21905356,32939552,VM level,25962679,94160
2018_12_12__19_31_26.json,172,79446925509,118983310939,81592235257,105415616545,76125225100,76089724519,75081165976,66559154386,676414563198,1969,64861,0,0,186966016,6bad1904105c,4966535168,4964380672,Container level,25962679,94160,11,8,1544643086,Process level,1605570,606591,2300.105,585,4840,217043,2753,0,5863,13,211180,Intel(R) Xeon(R) CPU E5-2686 v4 @ 2.30GHz,437,6957,102968,11207607,1003984,51489,8122,157220,unavailable,6.02,45520,5858660,21905856,32939552,VM level,25962679,94160
2018_12_12__19_31_30.json,176,83451891538,122996522249,85604970489,109415001541,80143054506,80090187894,79097539158,70569715719,708426094860,1970,68069,0,0,186970112,6bad1904105c,4966535168,4964798464,Container level,25962679,94160,11,8,1544643090,Process level,1609393,606591,2300.105,585,4840,220243,2753,0,5865,13,214378,Intel(R) Xeon(R) CPU E5-2686 v4 @ 2.30GHz,437,6973,102968,11207607,1004136,51489,8125,157220,unavailable,6.18,45528,5858668,21903876,32939552,VM level,25962679,94160
2018_12_12__19_31_34.json,180,87365285334,126919533629,89521450835,113357988651,84049254730,84015597156,83019040075,74485319299,739951334717,1972,71228,0,0,186974208,6bad1904105c,4966723584,4964732928,Container level,25962679,94160,11,8,1544643094,Process level,1613129,606592,2300.105,585,4840,223417,2753,0,5866,13,217551,Intel(R) Xeon(R) CPU E5-2686 v4 @ 2.30GHz,437,6973,102968,11207607,1004144,51489,8126,157220,unavailable,6.18,45528,5858676,21903716,32939552,VM level,25962679,94160
2018_12_12__19_31_38.json,184,91319151067,130869551533,93482955601,117309527668,87973538040,87958850781,86987126489,78430614935,771549332130,1973,74375,0,0,186978304,6bad1904105c,4967055360,4965122048,Container level,25962679,94160,11,8,1544643098,Process level,1616780,606592,2300.105,585,4840,226559,2753,0,5867,13,220692,Intel(R) Xeon(R) CPU E5-2686 v4 @ 2.30GHz,437,6973,102968,11207607,1004152,51489,8127,157220,unavailable,6.49,45528,5858684,21904696,32939552,VM level,25962679,94160
2018_12_12__19_31_42.json,188,95254518586,134785940492,97422218977,121251222151,91923488258,91887957729,90911573819,82395114069,803114250802,1975,77534,0,0,186982400,6bad1904105c,4967124992,4965179392,Container level,25962679,94160,11,8,1544643102,Process level,1620422,606592,2300.105,585,4840,229727,2753,0,5868,13,223859,Intel(R) Xeon(R) CPU E5-2686 v4 @ 2.30GHz,437,6973,102968,11207607,1004160,51489,8128,157220,unavailable,6.93,45528,5858692,21904444,32939552,VM level,25962679,94160
2018_12_12__19_31_46.json,192,99291493937,138800088580,101453412510,125276862312,95962070899,95920895337,94946737987,86450071381,835511565742,1975,80781,0,0,186986496,6bad1904105c,4967124992,4964900864,Container level,25962679,94160,11,8,1544643106,Process level,1624106,606592,2300.105,585,4840,232952,2753,0,5870,13,227082,Intel(R) Xeon(R) CPU E5-2686 v4 @ 2.30GHz,437,6973,102968,11207607,1004168,51489,8129,157220,unavailable,7.02,45528,5858700,21904056,32939552,VM level,25962679,94160
2018_12_12__19_31_50.json,196,103339474944,142858038218,105478528756,129314549690,100004862571,99963331014,98979664248,90495417543,867747709758,1976,84005,0,0,186990592,6bad1904105c,4967124992,4964646912,Container level,25962679,94160,11,8,1544643110,Process level,1627846,606592,2300.105,585,4840,236165,2753,0,5871,13,230294,Intel(R) Xeon(R) CPU E5-2686 v4 @ 2.30GHz,437,6973,102968,11207607,1006256,51489,8142,157224,unavailable,7.17,45528,5858708,21904436,32939552,VM level,25962679,94160
2018_12_12__19_31_54.json,200,107342942680,146844851326,109485158267,133298847941,103986650652,103967070431,102987428914,94502665170,899665550853,1977,87191,0,0,186994688,6bad1904105c,4967124992,4964560896,Container level,25962679,94160,11,8,1544643114,Process level,1631514,606592,2300.105,585,4840,239368,2753,0,5872,13,233496,Intel(R) Xeon(R) CPU E5-2686 v4 @ 2.30GHz,437,6973,102968,11207607,1006264,51489,8143,157224,unavailable,7.17,45528,5858716,21904240,32939552,VM level,25962679,94160
2018_12_12__19_31_58.json,204,111324679451,150823233193,113463588562,137292868652,107955711255,107926983666,106939829875,98469939678,930967084555,1977,90322,0,0,186998784,6bad1904105c,4968529920,4967141376,Container level,25962679,94160,11,8,1544643118,Process level,1635760,606592,2300.105,585,4840,242492,2753,0,5874,13,236618,Intel(R) Xeon(R) CPU E5-2686 v4 @ 2.30GHz,437,6990,102968,11207607,1006440,51489,8147,157224,unavailable,7.32,45536,5860708,21902536,32939552,VM level,25962679,94160
2018_12_12__19_32_02.json,208,115269580217,154775944021,117440961974,141229234992,111875695816,111850833803,110882105758,102401148036,962943683349,1979,93517,0,0,187002880,6bad1904105c,4970385408,4968968192,Container level,25962749,94160,11,8,1544643122,Process level,1640044,606592,2300.105,585,4840,245724,2753,0,5875,13,239849,Intel(R) Xeon(R) CPU E5-2686 v4 @ 2.30GHz,437,6994,102968,11207607,1006552,51489,8155,157224,unavailable,7.54,45536,5862340,21899864,32939552,VM level,25962749,94160
2018_12_12__19_32_06.json,212,119231082640,158756051292,121412360446,145205598456,115820971343,115795448590,114859849050,106365987481,994793265934,1980,96711,0,0,187006976,6bad1904105c,4971376640,4969656320,Container level,25962749,94160,11,8,1544643126,Process level,1643894,606592,2300.105,585,4840,248918,2753,0,5877,13,243041,Intel(R) Xeon(R) CPU E5-2686 v4 @ 2.30GHz,437,6997,102968,11207607,1013920,51489,8192,157340,unavailable,7.57,45536,5862860,21899544,32939552,VM level,25962749,94160
2018_12_12__19_32_10.json,214,123239511280,162741229997,125413173530,149187138309,119805070698,119804218675,118846921690,110358112067,1026677286664,1981,99894,0,0,187011072,6bad1904105c,4971376640,4969443328,Container level,25962749,94160,11,8,1544643130,Process level,1647665,606592,2300.105,585,4840,252079,2753,0,5878,13,246201,Intel(R) Xeon(R) CPU E5-2686 v4 @ 2.30GHz,437,6997,102968,11207607,1013928,51489,8193,157340,unavailable,7.77,45536,5862868,21899996,32939552,VM level,25962749,94160
2018_12_12__19_32_13.json,217,126084409737,165596820231,128250960127,152026688266,122635538985,122650870891,121686719715,113198970170,1049604891638,1982,102183,0,0,187015168,6bad1904105c,4971376640,4969234432,Container level,25962749,94160,11,8,1544643133,Process level,1650259,606592,2300.105,585,4840,254354,2753,0,5879,13,248475,Intel(R) Xeon(R) CPU E5-2686 v4 @ 2.30GHz,437,6997,102968,11207607,1013936,51489,8194,157340,unavailable,7.77,45536,5862868,21900272,32939552,VM level,25962749,94160
2018_12_12__19_32_16.json,220,128912048477,168424655706,131067618952,154828042566,125450852131,125481258003,124516673156,116026857748,1072117917156,1983,104438,0,0,187019264,6bad1904105c,4971376640,4969463808,Container level,25962749,94160,11,8,1544643136,Process level,1652863,606592,2300.105,585,4840,256626,2753,0,5880,13,250746,Intel(R) Xeon(R) CPU E5-2686 v4 @ 2.30GHz,437,6997,102968,11207607,1013944,51489,8195,157340,unavailable,7.79,45536,5862872,21900428,32939552,VM level,25962749,94160
2018_12_12__19_32_19.json,223,131736226298,171248161568,133887991699,157658566209,128273332861,128302089101,127335407994,118842274153,1094630054478,1983,106697,0,0,187023360,6bad1904105c,4971376640,4969209856,Container level,25962749,94160,11,8,1544643139,Process level,1655526,606592,2300.105,585,4840,258883,2753,0,5881,13,253002,Intel(R) Xeon(R) CPU E5-2686 v4 @ 2.30GHz,437,6997,102968,11207607,1013952,51489,8196,157340,unavailable,7.79,45536,5862880,21899892,32939552,VM level,25962749,94160
2018_12_12__19_32_21.json,225,134569341157,174058372942,136718235427,160480783522,131108606725,131136578969,130164110112,121655404287,1116948826887,1984,108929,0,0,187027456,6bad1904105c,4971376640,4969484288,Container level,25962749,94160,11,8,1544643141,Process level,1658137,606592,2300.105,585,4840,261119,2753,0,5881,13,255238,Intel(R) Xeon(R) CPU E5-2686 v4 @ 2.30GHz,437,6997,102968,11207607,1013960,51489,8197,157340,unavailable,8.12,45536,5862884,21900556,32939552,VM level,25962749,94160
2018_12_12__19_32_24.json,228,137381697820,176872795636,139515080059,163299166972,133914207232,133952819440,132974837173,124443237400,1139653823805,1985,111191,0,0,187031552,6bad1904105c,4971376640,4969263104,Container level,25962749,94160,11,8,1544643144,Process level,1660769,606592,2300.105,585,4840,263379,2753,0,5883,13,257496,Intel(R) Xeon(R) CPU E5-2686 v4 @ 2.30GHz,437,6997,102968,11207607,1013968,51489,8198,157340,unavailable,8.12,45536,5862888,21900252,32939552,VM level,25962749,94160
2018_12_12__19_32_27.json,231,140102633077,179602588022,142249725219,166014471233,136649672980,136679018631,135719847985,127176914109,1161507997514,1985,113380,0,0,187035648,6bad1904105c,4971376640,4969267200,Container level,25962749,94160,11,8,1544643147,Process level,1663479,606592,2300.105,585,4840,265595,2753,0,5883,13,259712,Intel(R) Xeon(R) CPU E5-2686 v4 @ 2.30GHz,437,6997,102968,11207607,1013976,51489,8199,157340,unavailable,8.19,45536,5862892,21899812,32939552,VM level,25962749,94160
2018_12_12__19_32_30.json,234,142898945190,182406646484,145056919216,168809918876,139440365605,139465533475,138504491241,129961445532,1183730936950,1986,115612,0,0,187039744,6bad1904105c,4971376640,4969066496,Container level,25962749,94160,11,8,1544643150,Process level,1666131,606592,2300.105,585,4840,267833,2753,0,5885,13,261948,Intel(R) Xeon(R) CPU E5-2686 v4 @ 2.30GHz,437,7017,102968,11207607,1014184,51489,8205,157344,unavailable,8.19,45552,5862896,21900180,32939552,VM level,25962749,94160
2018_12_12__19_32_32.json,236,145625969975,185156467836,147798183264,171541728142,142186446759,142205003348,141262509464,132703117958,1205537487977,1986,117794,0,0,187043840,6bad1904105c,4971376640,4969398272,Container level,25962749,94160,11,8,1544643153,Process level,1668915,606592,2300.105,585,4840,270015,2753,0,5885,13,264130,Intel(R) Xeon(R) CPU E5-2686 v4 @ 2.30GHz,437,7022,102968,11207607,1015376,51489,8223,157344,unavailable,8.26,45552,5862900,21900152,32939552,VM level,25962749,94160
2018_12_12__19_32_35.json,239,148404358578,187948933679,150585041863,174339676957,144953551666,144978429162,144044273761,135471400578,1227945685181,1987,120028,0,0,187047936,6bad1904105c,4971499520,4970229760,Container level,25962749,94160,11,8,1544643155,Process level,1671674,606592,2300.105,585,4840,272239,2753,0,5887,13,266352,Intel(R) Xeon(R) CPU E5-2686 v4 @ 2.30GHz,437,7022,102968,11207607,1015384,51489,8224,157344,unavailable,8.24,45552,5863340,21899116,32939552,VM level,25962749,94160
2018_12_12__19_32_38.json,242,151246993101,190789952786,153439702593,177179002553,147791755194,147831559551,146903024074,138305900860,1250643930054,1988,122309,0,0,187052032,6bad1904105c,4973133824,4971757568,Container level,25962749,94160,11,8,1544643158,Process level,1674859,606592,2300.105,585,4840,274489,2753,0,5888,13,268601,Intel(R) Xeon(R) CPU E5-2686 v4 @ 2.30GHz,437,7022,102968,11207607,1015392,51489,8225,157344,unavailable,8.24,45552,5864976,21897120,32939552,VM level,25962749,94160
2018_12_12__19_32_41.json,245,154020554891,193559193593,156228273824,179951935292,150570705307,150615314678,149682726250,141082199472,1272959885237,1989,124528,0,0,187056128,6bad1904105c,4974260224,4972679168,Container level,25962749,94160,11,8,1544643161,Process level,1677731,606592,2300.105,585,4840,276751,2753,0,5888,13,270863,Intel(R) Xeon(R) CPU E5-2686 v4 @ 2.30GHz,437,7022,102968,11207607,1015400,51489,8226,157344,unavailable,8.22,45552,5866012,21896168,32939552,VM level,25962749,94160
2018_12_12__19_32_44.json,248,155930474169,195471717874,157295940255,181855683232,152478868530,152532606371,151598033883,143154550850,1290034970849,1996,126281,0,0,187060224,6bad1904105c,4977950720,4975472640,Container level,25962749,94160,10,8,1544643164,Process level,1680220,606688,2300.105,585,4840,278837,2753,0,5890,13,272947,Intel(R) Xeon(R) CPU E5-2686 v4 @ 2.30GHz,437,7022,102968,11207607,1015408,51489,8227,157344,unavailable,8.22,45552,5866528,21892608,32939552,VM level,25962749,94160
2018_12_12__19_32_45.json,249,157061648203,196592444565,158416713263,182972792186,153608325524,153829338595,152734193431,143628146695,1298587400946,2011,127118,0,0,187064320,6bad1904105c,4979507200,4976832512,Container level,25962749,94160,10,8,1544643165,Process level,1681417,606788,2300.105,585,4840,279693,2753,0,5906,13,273787,Intel(R) Xeon(R) CPU E5-2686 v4 @ 2.30GHz,437,7022,102968,11207607,1015416,51489,8228,157344,unavailable,8.22,45552,5866532,21891772,32939552,VM level,25962749,94160
2018_12_12__19_32_46.json,250,158203211956,197722079014,159551083883,183325146287,154737577804,155148139805,153957341329,144758779187,1307145201211,2023,127963,0,0,187068416,6bad1904105c,4979937280,4975808512,Container level,25962749,94160,10,8,1544643166,Process level,1682738,606888,2300.105,585,4840,280549,2753,0,5919,13,274630,Intel(R) Xeon(R) CPU E5-2686 v4 @ 2.30GHz,437,7022,102968,11207607,1015424,51489,8229,157344,unavailable,8.12,45552,5866536,21891920,32939552,VM level,25962749,94160
2018_12_12__19_32_47.json,251,159360336645,198877805440,160698562305,183604630098,155647620560,156303817566,155228534133,145924595864,1315421922668,2036,128780,0,0,187072512,6bad1904105c,4979937280,4977864704,Container level,25962749,94160,9,8,1544643167,Process level,1684100,607015,2300.105,585,4841,281394,2753,0,5932,13,275462,Intel(R) Xeon(R) CPU E5-2686 v4 @ 2.30GHz,437,7025,102968,11207607,1022736,51489,8266,157500,unavailable,8.12,45552,5867056,21889888,32939552,VM level,25962749,94160
2018_12_12__19_32_48.json,252,160506010543,200027186462,161850481036,183807100268,155876105500,157456837542,156371539077,147080289281,1322748189487,2049,129498,0,0,187076608,6bad1904105c,4979937280,4978999296,Container level,25962749,94160,9,8,1544643168,Process level,1685518,607230,2300.105,585,4841,282118,2753,0,5943,13,276175,Intel(R) Xeon(R) CPU E5-2686 v4 @ 2.30GHz,437,7025,102968,11207607,1022744,51489,8267,157504,unavailable,8.12,45552,5867060,21890084,32939552,VM level,25962749,94160
2018_12_12__19_32_50.json,254,161656623723,201179809323,163002796368,184002081553,156083514780,158608990570,157524225470,148221604853,1330053574279,2057,130215,0,0,187080704,6bad1904105c,4980207616,4977147904,Container level,25962749,94160,9,8,1544643170,Process level,1686986,607446,2300.105,585,4841,282849,2753,0,5955,13,276894,Intel(R) Xeon(R) CPU E5-2686 v4 @ 2.30GHz,437,7025,102968,11207607,1022752,51489,8268,157504,unavailable,8.12,45552,5867068,21890072,32939552,VM level,25962749,94160
2018_12_12__19_32_51.json,255,162797874003,202315846250,164137253468,184184783288,156324509420,159745775747,158665636912,149339020240,1337308765708,2070,130921,0,0,187084800,6bad1904105c,4980207616,4977352704,Container level,25962749,94160,9,8,1544643171,Process level,1688415,607661,2300.105,585,4841,283573,2753,0,5966,13,277607,Intel(R) Xeon(R) CPU E5-2686 v4 @ 2.30GHz,437,7025,102968,11207607,1022760,51489,8269,157504,unavailable,7.95,45552,5867072,21889648,32939552,VM level,25962749,94160
2018_12_12__19_32_52.json,256,163947751368,203452847691,165278583959,184361807398,156506419055,160875235851,159861953365,150481277795,1344540124556,2084,131632,0,0,187088896,6bad1904105c,4980887552,4977799168,Container level,25962749,94160,9,8,1544643172,Process level,1689924,607875,2300.105,585,4841,284297,2753,0,5980,13,278317,Intel(R) Xeon(R) CPU E5-2686 v4 @ 2.30GHz,437,7025,102968,11207607,1022768,51489,8270,157504,unavailable,7.95,45552,5867076,21890528,32939552,VM level,25962749,94160
2018_12_12__19_32_53.json,257,165107213133,204602796390,166419661729,184605390498,157660350587,162024831866,160063848917,151614418154,1351871510368,2098,132348,0,0,187092992,6bad1904105c,4980887552,4976504832,Container level,25962749,94160,9,8,1544643173,Process level,1691387,608089,2300.105,585,4841,285023,2753,0,5994,13,279029,Intel(R) Xeon(R) CPU E5-2686 v4 @ 2.30GHz,437,7025,102968,11207607,1022776,51489,8271,157504,unavailable,7.95,45552,5867080,21890524,32939552,VM level,25962749,94160
2018_12_12__19_32_54.json,258,166268740019,205755014149,167578236685,184816803469,158820843696,163184589856,160262666937,152763158050,1359223532171,2109,133062,0,0,187097088,6bad1904105c,4980887552,4975820800,Container level,25962749,94160,9,8,1544643174,Process level,1692859,608305,2300.105,585,4841,285749,2753,0,6007,13,279742,Intel(R) Xeon(R) CPU E5-2686 v4 @ 2.30GHz,437,7025,102968,11207607,1022784,51489,8272,157504,unavailable,7.95,45552,5867084,21891960,32939552,VM level,25962749,94160
2018_12_12__19_32_56.json,260,167429168292,206912432813,168741922869,185030151142,159972582665,164341077790,160459352201,153917302536,1366552465598,2120,133782,0,0,187101184,6bad1904105c,4980887552,4978253824,Container level,25962749,94160,9,8,1544643176,Process level,1694359,608522,2300.105,585,4842,286481,2753,0,6019,13,280462,Intel(R) Xeon(R) CPU E5-2686 v4 @ 2.30GHz,437,7025,102968,11207607,1022792,51489,8273,157504,unavailable,7.79,45552,5867088,21890880,32939552,VM level,25962749,94160
2018_12_12__19_32_57.json,261,168587114772,208058889950,169875712074,185240952705,161110443448,165492991907,160689786669,155055735404,1373908592426,2132,134506,0,0,187105280,6bad1904105c,4980887552,4978118656,Container level,25962749,94160,9,8,1544643177,Process level,1695829,608739,2300.105,585,4842,287214,2753,0,6030,13,281184,Intel(R) Xeon(R) CPU E5-2686 v4 @ 2.30GHz,437,7025,102968,11207607,1022800,51489,8274,157508,unavailable,7.79,45552,5867092,21891024,32939552,VM level,25962749,94160
2018_12_12__19_32_58.json,262,168746284433,209214722846,171023427713,186436852269,162261339291,166653144830,160921109190,156208208622,1381239377537,2145,135220,0,0,187109376,6bad1904105c,4980887552,4977819648,Container level,25962749,94160,9,8,1544643178,Process level,1697333,608955,2300.105,585,4842,287946,2753,0,6042,13,281904,Intel(R) Xeon(R) CPU E5-2686 v4 @ 2.30GHz,437,7025,102968,11207607,1022808,51489,8275,157508,unavailable,7.79,45552,5867096,21890684,32939552,VM level,25962749,94160
2018_12_12__19_32_59.json,263,168983029122,210357392510,172168731441,187594154806,163398635274,167785207861,161089020507,157342816102,1388516868561,2157,135933,0,0,187113472,6bad1904105c,4980887552,4977651712,Container level,25962749,94160,9,8,1544643179,Process level,1698746,609170,2300.105,585,4842,288671,2753,0,6054,13,282617,Intel(R) Xeon(R) CPU E5-2686 v4 @ 2.30GHz,437,7025,102968,11207607,1022816,51489,8276,157512,unavailable,7.79,45552,5867100,21889892,32939552,VM level,25962749,94160
2018_12_12__19_33_00.json,264,169202529846,211518491793,173313316933,187771445486,164561988009,168934138253,162248897184,158498579382,1395847344071,2166,136650,0,0,187117568,6bad1904105c,4980887552,4978262016,Container level,25962749,94160,9,8,1544643180,Process level,1700217,609385,2300.105,585,4842,289396,2754,0,6065,13,283331,Intel(R) Xeon(R) CPU E5-2686 v4 @ 2.30GHz,437,7043,102968,11207607,1022984,51489,8279,157520,unavailable,7.65,45560,5867096,21889992,32939552,VM level,25962749,94160
2018_12_12__19_33_02.json,266,170379086220,211724761096,174444736032,187959853985,165713739609,170081272222,163394956553,159653649615,1403150267189,2179,137363,0,0,187121664,6bad1904105c,4980887552,4978876416,Container level,25962749,94160,9,8,1544643182,Process level,1701721,609601,2300.105,585,4842,290126,2754,0,6078,13,284048,Intel(R) Xeon(R) CPU E5-2686 v4 @ 2.30GHz,437,7043,102968,11207607,1022992,51489,8280,157524,unavailable,7.65,45560,5867108,21889808,32939552,VM level,25962749,94160
2018_12_12__19_33_03.json,267,170595357201,211926307172,175598853321,189121883517,166874137071,171230739132,164546092399,160806742476,1410453602583,2193,138079,0,0,187125760,6bad1904105c,4980899840,4977356800,Container level,25962749,94160,9,8,1544643183,Process level,1703133,609817,2300.105,585,4842,290855,2754,0,6093,13,284762,Intel(R) Xeon(R) CPU E5-2686 v4 @ 2.30GHz,437,7043,102968,11207607,1023000,51489,8281,157528,unavailable,7.65,45560,5867112,21890448,32939552,VM level,25962749,94160
2018_12_12__19_33_04.json,268,170785420330,212134520209,176729008630,190257409643,167999763784,172360371065,165689435352,161944432411,1417699496286,2207,138791,0,0,187129856,6bad1904105c,4980899840,4977217536,Container level,25962749,94160,9,8,1544643184,Process level,1704578,610032,2300.105,585,4842,291581,2754,0,6106,13,285475,Intel(R) Xeon(R) CPU E5-2686 v4 @ 2.30GHz,437,7043,102968,11207607,1023008,51489,8282,157532,unavailable,7.65,45560,5867116,21889520,32939552,VM level,25962749,94160
2018_12_12__19_33_05.json,269,171033921398,213277915037,177872018293,191398959504,169141047352,173501295462,166832065837,162142632962,1424974043989,2217,139503,0,0,187133952,6bad1904105c,4980899840,4978118656,Container level,25962749,94160,9,8,1544643185,Process level,1706123,610247,2300.105,585,4843,292304,2754,0,6117,13,286187,Intel(R) Xeon(R) CPU E5-2686 v4 @ 2.30GHz,437,7043,102968,11207607,1023016,51489,8283,157532,unavailable,7.65,45560,5867120,21890876,32939552,VM level,25962749,94160
2018_12_12__19_33_06.json,270,171268061280,214414882693,179007885981,192550385919,170276469037,174646822315,167981198478,162356434682,1432276436928,2229,140216,0,0,187138048,6bad1904105c,4980899840,4978417664,Container level,25962749,94160,9,8,1544643186,Process level,1707569,610462,2300.105,585,4843,293026,2754,0,6127,13,286899,Intel(R) Xeon(R) CPU E5-2686 v4 @ 2.30GHz,437,7043,102968,11207607,1023024,51489,8284,157532,unavailable,7.68,45560,5867124,21888572,32939552,VM level,25962749,94160
2018_12_12__19_33_07.json,271,171493116997,215560263859,180164288849,193704473943,171428557944,175805458203,169127470821,162546542579,1439603942069,2243,140930,0,0,187142144,6bad1904105c,4980899840,4978806784,Container level,25962749,94160,9,8,1544643187,Process level,1709003,610677,2300.105,585,4843,293751,2754,0,6141,13,287610,Intel(R) Xeon(R) CPU E5-2686 v4 @ 2.30GHz,437,7058,102968,11207607,1024248,51489,8297,157532,unavailable,7.68,45560,5867132,21890884,32939552,VM level,25962749,94160
2018_12_12__19_33_09.json,273,171732514644,216693240663,181313431240,194863927419,172578516654,176961835817,170270495073,162722232634,1446909378891,2255,141645,0,0,187146240,6bad1904105c,4980899840,4978585600,Container level,25962749,94160,9,8,1544643189,Process level,1710476,610894,2300.105,585,4843,294484,2754,0,6155,13,288329,Intel(R) Xeon(R) CPU E5-2686 v4 @ 2.30GHz,437,7058,102968,11207607,1024256,51489,8298,157532,unavailable,7.68,45560,5867136,21889240,32939552,VM level,25962749,94160
2018_12_12__19_33_10.json,274,171900080365,217820623452,182447503143,196009711816,173707274422,178098430241,171393000072,162925536451,1454134844663,2268,142354,0,0,187150336,6bad1904105c,4981506048,4981338112,Container level,25962749,94160,9,8,1544643190,Process level,1712020,611108,2300.105,585,4843,295206,2754,0,6167,13,289039,Intel(R) Xeon(R) CPU E5-2686 v4 @ 2.30GHz,437,7058,102968,11207607,1024264,51489,8299,157532,unavailable,7.68,45560,5867576,21890552,32939552,VM level,25962749,94160
2018_12_12__19_33_11.json,275,172965673242,218931704018,183314319045,196089524798,173785539736,178225428200,172507771925,164043799399,1459733660196,2281,142897,0,0,187154432,6bad1904105c,4982661120,4977889280,Container level,25962749,94160,7,8,1544643191,Process level,1713657,611453,2300.105,585,4843,295780,2754,0,6181,13,289599,Intel(R) Xeon(R) CPU E5-2686 v4 @ 2.30GHz,437,7058,102968,11207607,1024272,51489,8300,157532,unavailable,7.46,45560,5868012,21888188,32939552,VM level,25962749,94160
2018_12_12__19_33_12.json,276,173061890840,220044977909,183363382304,196171944970,174852178890,178304731564,173623437016,165151308273,1464444118055,2299,143354,0,0,187158528,6bad1904105c,4982661120,4979261440,Container level,25962749,94160,7,8,1544643192,Process level,1715260,611885,2300.105,585,4844,296253,2754,0,6197,13,290056,Intel(R) Xeon(R) CPU E5-2686 v4 @ 2.30GHz,437,7058,102968,11207607,1024280,51489,8301,157532,unavailable,7.46,45560,5868184,21888732,32939552,VM level,25962749,94160
2018_12_12__19_33_13.json,277,173097471277,221152362273,183415017855,196230814435,175753986484,178355407183,174730179982,165791260858,1468458776925,2310,143741,0,0,187162624,6bad1904105c,4983230464,4983083008,Container level,25962749,94160,5,8,1544643193,Process level,1717119,612377,2300.105,585,4844,296662,2754,0,6210,13,290452,Intel(R) Xeon(R) CPU E5-2686 v4 @ 2.30GHz,437,7060,102968,11207607,1026416,51489,8316,157532,unavailable,7.46,45560,5869220,21889080,32939552,VM level,25962749,94160
2018_12_12__19_33_14.json,278,173121697305,221987930408,183437683047,196254967707,175780616260,178386879842,175823999782,165817042651,1470567985527,2320,143938,0,0,187166720,6bad1904105c,4984741888,4983291904,Container level,25962749,94160,4,8,1544643194,Process level,1718846,613042,2300.105,585,4844,296874,2754,0,6223,13,290651,Intel(R) Xeon(R) CPU E5-2686 v4 @ 2.30GHz,437,7060,102968,11207607,1026424,51489,8317,157532,unavailable,7.46,45560,5869736,21889192,32939552,VM level,25962749,94160
2018_12_12__19_33_15.json,279,173143695009,222012392102,183470472091,196274701495,175803244040,178406508938,176916039263,165835744681,1471815841814,2330,144051,0,0,187170816,6bad1904105c,4984741888,4982648832,Container level,25962749,94160,4,8,1544643195,Process level,1720182,613791,2300.105,585,4844,296997,2754,0,6232,13,290765,Intel(R) Xeon(R) CPU E5-2686 v4 @ 2.30GHz,437,7060,102968,11207607,1026432,51489,8318,157532,unavailable,6.95,45560,5869740,21888068,32939552,VM level,25962749,94160
2018_12_12__19_33_17.json,281,173165534228,222037627597,183503087172,196293571657,175828609197,178427456170,177995466714,165859413448,1473068158883,2340,144164,0,0,187174912,6bad1904105c,4985655296,4980998144,Container level,25962749,94160,4,8,1544643197,Process level,1721575,614540,2300.105,585,4844,297121,2754,0,6242,13,290879,Intel(R) Xeon(R) CPU E5-2686 v4 @ 2.30GHz,437,7060,102968,11207607,1026440,51489,8319,157532,unavailable,6.95,45560,5869744,21887988,32939552,VM level,25962749,94160
2018_12_12__19_33_18.json,282,173192023860,222060353679,184053117926,196315382538,175850325544,178447946570,178564820762,165879732248,1474316221231,2353,144276,0,0,187179008,6bad1904105c,4986175488,4968005632,Container level,25962749,94160,3,8,1544643198,Process level,1723228,615289,2300.105,585,4844,297245,2754,0,6254,13,290991,Intel(R) Xeon(R) CPU E5-2686 v4 @ 2.30GHz,437,7060,102968,11207607,1026448,51489,8320,157532,unavailable,6.95,45560,5870264,21903168,32939552,VM level,25962749,94160
